seed,dataset,fit_dataset,model,optimizer,lr,classifier,translator,translator_method,translator_rank,batch_size,num_epochs,approx_layer,mlp_linearize,attn_linearize,head_dict,mlp_mode,attn_mode,num_layers,original_accuracy,accuracy,delta_acc,num_samples,majority_class_rate,params_saved,params_saved_pct
1,pneumoniamnist,pneumoniamnist,microsoft/rad-dino,Adam,0.01,Linear,identity,,,256,5,[],[],[],{},identity,identity,0,0.8974358974358975,0.8974358974358975,0.0,250,0.625,0,0.0
2,pneumoniamnist,pneumoniamnist,microsoft/rad-dino,Adam,0.01,Linear,identity,,,256,5,[],[],[],{},identity,identity,0,0.8814102564102564,0.8814102564102564,0.0,250,0.625,0,0.0
3,pneumoniamnist,pneumoniamnist,microsoft/rad-dino,Adam,0.01,Linear,identity,,,256,5,[],[],[],{},identity,identity,0,0.8846153846153846,0.8846153846153846,0.0,250,0.625,0,0.0
1,cifar100,cifar100,microsoft/rad-dino,Adam,0.01,Linear,identity,,,256,5,[],[],[],{},identity,identity,0,0.2903,0.2903,0.0,250,0.01,0,0.0
2,cifar100,cifar100,microsoft/rad-dino,Adam,0.01,Linear,identity,,,256,5,[],[],[],{},identity,identity,0,0.2879,0.2879,0.0,250,0.01,0,0.0
3,cifar100,cifar100,microsoft/rad-dino,Adam,0.01,Linear,identity,,,256,5,[],[],[],{},identity,identity,0,0.2927,0.2927,0.0,250,0.01,0,0.0
1,imagenet-1k,imagenet-1k,microsoft/rad-dino,Adam,0.01,Linear,identity,,,256,5,[],[],[],{},identity,identity,0,0.0757,0.0757,0.0,250,0.0019,0,0.0
2,imagenet-1k,imagenet-1k,microsoft/rad-dino,Adam,0.01,Linear,identity,,,256,5,[],[],[],{},identity,identity,0,0.0736,0.0736,0.0,250,0.0019,0,0.0
3,imagenet-1k,imagenet-1k,microsoft/rad-dino,Adam,0.01,Linear,identity,,,256,5,[],[],[],{},identity,identity,0,0.0767,0.0767,0.0,250,0.0019,0,0.0
1,chestmnist,chestmnist,microsoft/rad-dino,Adam,0.01,Linear,identity,,,256,5,[],[],[],{},identity,identity,0,0.7013328578433558,0.7013328578433558,0.0,250,0.5317166674096198,0,0.0
2,chestmnist,chestmnist,microsoft/rad-dino,Adam,0.01,Linear,identity,,,256,5,[],[],[],{},identity,identity,0,0.6429813221593189,0.6429813221593189,0.0,250,0.5317166674096198,0,0.0
3,chestmnist,chestmnist,microsoft/rad-dino,Adam,0.01,Linear,identity,,,256,5,[],[],[],{},identity,identity,0,0.6962956358935497,0.6962956358935497,0.0,250,0.5317166674096198,0,0.0
1,chestmnist,chestmnist,microsoft/rad-dino,Adam,0.01,Linear,linear,,,256,5,[],[],[],{},identity,identity,0,0.7013328578433558,0.7013328578433558,0.0,250,0.5317166674096198,0,0.0
2,chestmnist,chestmnist,microsoft/rad-dino,Adam,0.01,Linear,linear,,,256,5,[],[],[],{},identity,identity,0,0.6429813221593189,0.6429813221593189,0.0,250,0.5317166674096198,0,0.0
3,chestmnist,chestmnist,microsoft/rad-dino,Adam,0.01,Linear,linear,,,256,5,[],[],[],{},identity,identity,0,0.6962956358935497,0.6962956358935497,0.0,250,0.5317166674096198,0,0.0
1,pneumoniamnist,pneumoniamnist,microsoft/rad-dino,Adam,0.01,Linear,linear,,,256,5,"[(0, 1)]",[],[],{},identity,identity,1,0.8974358974358975,0.905448717948718,-0.0080128205128204,250,0.625,6498816,7.639114577691113
2,pneumoniamnist,pneumoniamnist,microsoft/rad-dino,Adam,0.01,Linear,linear,,,256,5,"[(0, 1)]",[],[],{},identity,identity,1,0.8814102564102564,0.8798076923076923,0.001602564102564,250,0.625,6498816,7.639114577691113
3,pneumoniamnist,pneumoniamnist,microsoft/rad-dino,Adam,0.01,Linear,linear,,,256,5,"[(0, 1)]",[],[],{},identity,identity,1,0.8846153846153846,0.8894230769230769,-0.0048076923076922,250,0.625,6498816,7.639114577691113
1,cifar100,cifar100,microsoft/rad-dino,Adam,0.01,Linear,linear,,,256,5,"[(0, 1)]",[],[],{},identity,identity,1,0.2903,0.2975,-0.0071999999999999,250,0.01,6498816,7.639114577691113
2,cifar100,cifar100,microsoft/rad-dino,Adam,0.01,Linear,linear,,,256,5,"[(0, 1)]",[],[],{},identity,identity,1,0.2879,0.3031,-0.0151999999999999,250,0.01,6498816,7.639114577691113
3,cifar100,cifar100,microsoft/rad-dino,Adam,0.01,Linear,linear,,,256,5,"[(0, 1)]",[],[],{},identity,identity,1,0.2927,0.3037,-0.011,250,0.01,6498816,7.639114577691113
1,imagenet-1k,imagenet-1k,microsoft/rad-dino,Adam,0.01,Linear,linear,,,256,5,"[(0, 1)]",[],[],{},identity,identity,1,0.0757,0.0795,-0.0037999999999999,250,0.0019,6498816,7.639114577691113
2,imagenet-1k,imagenet-1k,microsoft/rad-dino,Adam,0.01,Linear,linear,,,256,5,"[(0, 1)]",[],[],{},identity,identity,1,0.0736,0.0742,-0.0006,250,0.0019,6498816,7.639114577691113
3,imagenet-1k,imagenet-1k,microsoft/rad-dino,Adam,0.01,Linear,linear,,,256,5,"[(0, 1)]",[],[],{},identity,identity,1,0.0767,0.0764,0.0003,250,0.0019,6498816,7.639114577691113
1,chestmnist,chestmnist,microsoft/rad-dino,Adam,0.01,Linear,identity,,,256,5,"[(0, 1)]",[],[],{},identity,identity,1,0.7013328578433558,0.6968751393037044,0.0044577185396513,250,0.5317166674096198,7089408,8.333333333333334
2,chestmnist,chestmnist,microsoft/rad-dino,Adam,0.01,Linear,identity,,,256,5,"[(0, 1)]",[],[],{},identity,identity,1,0.6429813221593189,0.6884500512637632,-0.0454687291044443,250,0.5317166674096198,7089408,8.333333333333334
3,chestmnist,chestmnist,microsoft/rad-dino,Adam,0.01,Linear,identity,,,256,5,"[(0, 1)]",[],[],{},identity,identity,1,0.6962956358935497,0.6961173271519636,0.000178308741586,250,0.5317166674096198,7089408,8.333333333333334
1,chestmnist,chestmnist,microsoft/rad-dino,Adam,0.01,Linear,linear,,,256,5,"[(0, 1)]",[],[],{},identity,identity,1,0.7013328578433558,0.7022244015512861,-0.0008915437079303,250,0.5317166674096198,6498816,7.639114577691113
2,chestmnist,chestmnist,microsoft/rad-dino,Adam,0.01,Linear,linear,,,256,5,"[(0, 1)]",[],[],{},identity,identity,1,0.6429813221593189,0.6411090803726652,0.0018722417866536,250,0.5317166674096198,6498816,7.639114577691113
3,chestmnist,chestmnist,microsoft/rad-dino,Adam,0.01,Linear,linear,,,256,5,"[(0, 1)]",[],[],{},identity,identity,1,0.6962956358935497,0.6969197164891009,-0.0006240805955511,250,0.5317166674096198,6498816,7.639114577691113
1,chestmnist,pneumoniamnist,microsoft/rad-dino,Adam,0.01,Linear,linear,,,256,5,"[(0, 1)]",[],[],{},identity,identity,1,0.7013328578433558,0.7022689787366826,-0.0009361208933268,250,0.5317166674096198,6498816,7.639114577691113
2,chestmnist,pneumoniamnist,microsoft/rad-dino,Adam,0.01,Linear,linear,,,256,5,"[(0, 1)]",[],[],{},identity,identity,1,0.6429813221593189,0.641599429412027,0.0013818927472919,250,0.5317166674096198,6498816,7.639114577691113
3,chestmnist,pneumoniamnist,microsoft/rad-dino,Adam,0.01,Linear,linear,,,256,5,"[(0, 1)]",[],[],{},identity,identity,1,0.6962956358935497,0.6976775286408416,-0.0013818927472919,250,0.5317166674096198,6498816,7.639114577691113
1,chestmnist,cifar100,microsoft/rad-dino,Adam,0.01,Linear,linear,,,256,5,"[(0, 1)]",[],[],{},identity,identity,1,0.7013328578433558,0.700307582579236,0.0010252752641197,250,0.5317166674096198,6498816,7.639114577691113
2,chestmnist,cifar100,microsoft/rad-dino,Adam,0.01,Linear,linear,,,256,5,"[(0, 1)]",[],[],{},identity,identity,1,0.6429813221593189,0.6472161547719877,-0.0042348326126687,250,0.5317166674096198,6498816,7.639114577691113
3,chestmnist,cifar100,microsoft/rad-dino,Adam,0.01,Linear,linear,,,256,5,"[(0, 1)]",[],[],{},identity,identity,1,0.6962956358935497,0.6933089644719832,0.0029866714215665,250,0.5317166674096198,6498816,7.639114577691113
1,chestmnist,imagenet-1k,microsoft/rad-dino,Adam,0.01,Linear,linear,,,256,5,"[(0, 1)]",[],[],{},identity,identity,1,0.7013328578433558,0.697276333972273,0.0040565238710827,250,0.5317166674096198,6498816,7.639114577691113
2,chestmnist,imagenet-1k,microsoft/rad-dino,Adam,0.01,Linear,linear,,,256,5,"[(0, 1)]",[],[],{},identity,identity,1,0.6429813221593189,0.6572905986715999,-0.0143092765122809,250,0.5317166674096198,6498816,7.639114577691113
3,chestmnist,imagenet-1k,microsoft/rad-dino,Adam,0.01,Linear,linear,,,256,5,"[(0, 1)]",[],[],{},identity,identity,1,0.6962956358935497,0.6939330450675344,0.0023625908260153,250,0.5317166674096198,6498816,7.639114577691113
1,pneumoniamnist,pneumoniamnist,microsoft/rad-dino,Adam,0.01,Linear,linear,,,256,5,"[(0, 4)]",[],[],{},identity,identity,4,0.8974358974358975,0.8541666666666666,0.0432692307692308,250,0.625,27767040,32.63911457769111
2,pneumoniamnist,pneumoniamnist,microsoft/rad-dino,Adam,0.01,Linear,linear,,,256,5,"[(0, 4)]",[],[],{},identity,identity,4,0.8814102564102564,0.842948717948718,0.0384615384615384,250,0.625,27767040,32.63911457769111
3,pneumoniamnist,pneumoniamnist,microsoft/rad-dino,Adam,0.01,Linear,linear,,,256,5,"[(0, 4)]",[],[],{},identity,identity,4,0.8846153846153846,0.8766025641025641,0.0080128205128204,250,0.625,27767040,32.63911457769111
1,cifar100,cifar100,microsoft/rad-dino,Adam,0.01,Linear,linear,,,256,5,"[(0, 4)]",[],[],{},identity,identity,4,0.2903,0.2828,0.0075,250,0.01,27767040,32.63911457769111
2,cifar100,cifar100,microsoft/rad-dino,Adam,0.01,Linear,linear,,,256,5,"[(0, 4)]",[],[],{},identity,identity,4,0.2879,0.2915,-0.0035999999999999,250,0.01,27767040,32.63911457769111
3,cifar100,cifar100,microsoft/rad-dino,Adam,0.01,Linear,linear,,,256,5,"[(0, 4)]",[],[],{},identity,identity,4,0.2927,0.2904,0.0023,250,0.01,27767040,32.63911457769111
1,imagenet-1k,imagenet-1k,microsoft/rad-dino,Adam,0.01,Linear,linear,,,256,5,"[(0, 4)]",[],[],{},identity,identity,4,0.0757,0.0688,0.0069,250,0.0019,27767040,32.63911457769111
2,imagenet-1k,imagenet-1k,microsoft/rad-dino,Adam,0.01,Linear,linear,,,256,5,"[(0, 4)]",[],[],{},identity,identity,4,0.0736,0.0704,0.0031999999999999,250,0.0019,27767040,32.63911457769111
3,imagenet-1k,imagenet-1k,microsoft/rad-dino,Adam,0.01,Linear,linear,,,256,5,"[(0, 4)]",[],[],{},identity,identity,4,0.0767,0.0633,0.0134,250,0.0019,27767040,32.63911457769111
1,chestmnist,chestmnist,microsoft/rad-dino,Adam,0.01,Linear,identity,,,256,5,"[(0, 4)]",[],[],{},identity,identity,4,0.7013328578433558,0.6816297418980966,0.0197031159452591,250,0.5317166674096198,28357632,33.333333333333336
2,chestmnist,chestmnist,microsoft/rad-dino,Adam,0.01,Linear,identity,,,256,5,"[(0, 4)]",[],[],{},identity,identity,4,0.6429813221593189,0.6628181696607676,-0.0198368475014486,250,0.5317166674096198,28357632,33.333333333333336
3,chestmnist,chestmnist,microsoft/rad-dino,Adam,0.01,Linear,identity,,,256,5,"[(0, 4)]",[],[],{},identity,identity,4,0.6962956358935497,0.6922391120224669,0.0040565238710827,250,0.5317166674096198,28357632,33.333333333333336
1,chestmnist,chestmnist,microsoft/rad-dino,Adam,0.01,Linear,linear,,,256,5,"[(0, 4)]",[],[],{},identity,identity,4,0.7013328578433558,0.6914367226853296,0.0098961351580261,250,0.5317166674096198,27767040,32.63911457769111
2,chestmnist,chestmnist,microsoft/rad-dino,Adam,0.01,Linear,linear,,,256,5,"[(0, 4)]",[],[],{},identity,identity,4,0.6429813221593189,0.6879597022244015,-0.0449783800650825,250,0.5317166674096198,27767040,32.63911457769111
3,chestmnist,chestmnist,microsoft/rad-dino,Adam,0.01,Linear,linear,,,256,5,"[(0, 4)]",[],[],{},identity,identity,4,0.6962956358935497,0.6402621138501315,0.0560335220434181,250,0.5317166674096198,27767040,32.63911457769111
1,chestmnist,pneumoniamnist,microsoft/rad-dino,Adam,0.01,Linear,linear,,,256,5,"[(0, 4)]",[],[],{},identity,identity,4,0.7013328578433558,0.6356706637542906,0.0656621940890651,250,0.5317166674096198,27767040,32.63911457769111
2,chestmnist,pneumoniamnist,microsoft/rad-dino,Adam,0.01,Linear,linear,,,256,5,"[(0, 4)]",[],[],{},identity,identity,4,0.6429813221593189,0.657825524896358,-0.0148442027370391,250,0.5317166674096198,27767040,32.63911457769111
3,chestmnist,pneumoniamnist,microsoft/rad-dino,Adam,0.01,Linear,linear,,,256,5,"[(0, 4)]",[],[],{},identity,identity,4,0.6962956358935497,0.6643783711496456,0.0319172647439041,250,0.5317166674096198,27767040,32.63911457769111
1,chestmnist,cifar100,microsoft/rad-dino,Adam,0.01,Linear,linear,,,256,5,"[(0, 4)]",[],[],{},identity,identity,4,0.7013328578433558,0.5938126866669639,0.1075201711763919,250,0.5317166674096198,27767040,32.63911457769111
2,chestmnist,cifar100,microsoft/rad-dino,Adam,0.01,Linear,linear,,,256,5,"[(0, 4)]",[],[],{},identity,identity,4,0.6429813221593189,0.6487317790754692,-0.0057504569161502,250,0.5317166674096198,27767040,32.63911457769111
3,chestmnist,cifar100,microsoft/rad-dino,Adam,0.01,Linear,linear,,,256,5,"[(0, 4)]",[],[],{},identity,identity,4,0.6962956358935497,0.6550171622163776,0.041278473677172,250,0.5317166674096198,27767040,32.63911457769111
1,chestmnist,imagenet-1k,microsoft/rad-dino,Adam,0.01,Linear,linear,,,256,5,"[(0, 4)]",[],[],{},identity,identity,4,0.7013328578433558,0.6616145856550617,0.039718272188294,250,0.5317166674096198,27767040,32.63911457769111
2,chestmnist,imagenet-1k,microsoft/rad-dino,Adam,0.01,Linear,linear,,,256,5,"[(0, 4)]",[],[],{},identity,identity,4,0.6429813221593189,0.6581375651941337,-0.0151562430348147,250,0.5317166674096198,27767040,32.63911457769111
3,chestmnist,imagenet-1k,microsoft/rad-dino,Adam,0.01,Linear,linear,,,256,5,"[(0, 4)]",[],[],{},identity,identity,4,0.6962956358935497,0.6257745285962645,0.0705211072972852,250,0.5317166674096198,27767040,32.63911457769111
1,pneumoniamnist,pneumoniamnist,microsoft/rad-dino,Adam,0.01,Linear,linear,,,256,5,"[(2, 3)]",[],[],{},identity,identity,1,0.8974358974358975,0.8942307692307693,0.0032051282051281,250,0.625,6498816,7.639114577691113
2,pneumoniamnist,pneumoniamnist,microsoft/rad-dino,Adam,0.01,Linear,linear,,,256,5,"[(2, 3)]",[],[],{},identity,identity,1,0.8814102564102564,0.875,0.0064102564102563,250,0.625,6498816,7.639114577691113
3,pneumoniamnist,pneumoniamnist,microsoft/rad-dino,Adam,0.01,Linear,linear,,,256,5,"[(2, 3)]",[],[],{},identity,identity,1,0.8846153846153846,0.8894230769230769,-0.0048076923076922,250,0.625,6498816,7.639114577691113
1,cifar100,cifar100,microsoft/rad-dino,Adam,0.01,Linear,linear,,,256,5,"[(2, 3)]",[],[],{},identity,identity,1,0.2903,0.2915,-0.0011999999999999,250,0.01,6498816,7.639114577691113
2,cifar100,cifar100,microsoft/rad-dino,Adam,0.01,Linear,linear,,,256,5,"[(2, 3)]",[],[],{},identity,identity,1,0.2879,0.2958,-0.0079,250,0.01,6498816,7.639114577691113
3,cifar100,cifar100,microsoft/rad-dino,Adam,0.01,Linear,linear,,,256,5,"[(2, 3)]",[],[],{},identity,identity,1,0.2927,0.3054,-0.0126999999999999,250,0.01,6498816,7.639114577691113
1,imagenet-1k,imagenet-1k,microsoft/rad-dino,Adam,0.01,Linear,linear,,,256,5,"[(2, 3)]",[],[],{},identity,identity,1,0.0757,0.0813,-0.0055999999999999,250,0.0019,6498816,7.639114577691113
2,imagenet-1k,imagenet-1k,microsoft/rad-dino,Adam,0.01,Linear,linear,,,256,5,"[(2, 3)]",[],[],{},identity,identity,1,0.0736,0.0789,-0.0052999999999999,250,0.0019,6498816,7.639114577691113
3,imagenet-1k,imagenet-1k,microsoft/rad-dino,Adam,0.01,Linear,linear,,,256,5,"[(2, 3)]",[],[],{},identity,identity,1,0.0767,0.0766,0.0001,250,0.0019,6498816,7.639114577691113
1,chestmnist,chestmnist,microsoft/rad-dino,Adam,0.01,Linear,identity,,,256,5,"[(2, 3)]",[],[],{},identity,identity,1,0.7013328578433558,0.7005304685062185,0.0008023893371372,250,0.5317166674096198,7089408,8.333333333333334
2,chestmnist,chestmnist,microsoft/rad-dino,Adam,0.01,Linear,identity,,,256,5,"[(2, 3)]",[],[],{},identity,identity,1,0.6429813221593189,0.6627735924753712,-0.0197922703160522,250,0.5317166674096198,7089408,8.333333333333334
3,chestmnist,chestmnist,microsoft/rad-dino,Adam,0.01,Linear,identity,,,256,5,"[(2, 3)]",[],[],{},identity,identity,1,0.6962956358935497,0.6962510587081532,4.457718539652156e-05,250,0.5317166674096198,7089408,8.333333333333334
1,chestmnist,chestmnist,microsoft/rad-dino,Adam,0.01,Linear,linear,,,256,5,"[(2, 3)]",[],[],{},identity,identity,1,0.7013328578433558,0.7014220122141488,-8.915437079304311e-05,250,0.5317166674096198,6498816,7.639114577691113
2,chestmnist,chestmnist,microsoft/rad-dino,Adam,0.01,Linear,linear,,,256,5,"[(2, 3)]",[],[],{},identity,identity,1,0.6429813221593189,0.6461908795078679,-0.0032095573485489,250,0.5317166674096198,6498816,7.639114577691113
3,chestmnist,chestmnist,microsoft/rad-dino,Adam,0.01,Linear,linear,,,256,5,"[(2, 3)]",[],[],{},identity,identity,1,0.6962956358935497,0.6966968305621183,-0.0004011946685685,250,0.5317166674096198,6498816,7.639114577691113
1,chestmnist,pneumoniamnist,microsoft/rad-dino,Adam,0.01,Linear,linear,,,256,5,"[(2, 3)]",[],[],{},identity,identity,1,0.7013328578433558,0.7012437034725627,8.915437079304311e-05,250,0.5317166674096198,6498816,7.639114577691113
2,chestmnist,pneumoniamnist,microsoft/rad-dino,Adam,0.01,Linear,linear,,,256,5,"[(2, 3)]",[],[],{},identity,identity,1,0.6429813221593189,0.6587170686042884,-0.0157357464449694,250,0.5317166674096198,6498816,7.639114577691113
3,chestmnist,pneumoniamnist,microsoft/rad-dino,Adam,0.01,Linear,linear,,,256,5,"[(2, 3)]",[],[],{},identity,identity,1,0.6962956358935497,0.6930415013596042,0.0032541345339455,250,0.5317166674096198,6498816,7.639114577691113
1,chestmnist,cifar100,microsoft/rad-dino,Adam,0.01,Linear,linear,,,256,5,"[(2, 3)]",[],[],{},identity,identity,1,0.7013328578433558,0.6988811126465475,0.0024517451968082,250,0.5317166674096198,6498816,7.639114577691113
2,chestmnist,cifar100,microsoft/rad-dino,Adam,0.01,Linear,linear,,,256,5,"[(2, 3)]",[],[],{},identity,identity,1,0.6429813221593189,0.6691035528016761,-0.0261222306423571,250,0.5317166674096198,6498816,7.639114577691113
3,chestmnist,cifar100,microsoft/rad-dino,Adam,0.01,Linear,linear,,,256,5,"[(2, 3)]",[],[],{},identity,identity,1,0.6962956358935497,0.6858199973253689,0.0104756385681807,250,0.5317166674096198,6498816,7.639114577691113
1,chestmnist,imagenet-1k,microsoft/rad-dino,Adam,0.01,Linear,linear,,,256,5,"[(2, 3)]",[],[],{},identity,identity,1,0.7013328578433558,0.6995943476128917,0.001738510230464,250,0.5317166674096198,6498816,7.639114577691113
2,chestmnist,imagenet-1k,microsoft/rad-dino,Adam,0.01,Linear,linear,,,256,5,"[(2, 3)]",[],[],{},identity,identity,1,0.6429813221593189,0.6501136718227611,-0.0071323496634422,250,0.5317166674096198,6498816,7.639114577691113
3,chestmnist,imagenet-1k,microsoft/rad-dino,Adam,0.01,Linear,linear,,,256,5,"[(2, 3)]",[],[],{},identity,identity,1,0.6962956358935497,0.6915704542415192,0.0047251816520305,250,0.5317166674096198,6498816,7.639114577691113
1,pneumoniamnist,pneumoniamnist,microsoft/rad-dino,Adam,0.01,Linear,linear,,,256,5,"[(5, 6)]",[],[],{},identity,identity,1,0.8974358974358975,0.8862179487179487,0.0112179487179487,250,0.625,6498816,7.639114577691113
2,pneumoniamnist,pneumoniamnist,microsoft/rad-dino,Adam,0.01,Linear,linear,,,256,5,"[(5, 6)]",[],[],{},identity,identity,1,0.8814102564102564,0.8685897435897436,0.0128205128205127,250,0.625,6498816,7.639114577691113
3,pneumoniamnist,pneumoniamnist,microsoft/rad-dino,Adam,0.01,Linear,linear,,,256,5,"[(5, 6)]",[],[],{},identity,identity,1,0.8846153846153846,0.8894230769230769,-0.0048076923076922,250,0.625,6498816,7.639114577691113
1,cifar100,cifar100,microsoft/rad-dino,Adam,0.01,Linear,linear,,,256,5,"[(5, 6)]",[],[],{},identity,identity,1,0.2903,0.2916,-0.0013,250,0.01,6498816,7.639114577691113
2,cifar100,cifar100,microsoft/rad-dino,Adam,0.01,Linear,linear,,,256,5,"[(5, 6)]",[],[],{},identity,identity,1,0.2879,0.296,-0.0080999999999999,250,0.01,6498816,7.639114577691113
3,cifar100,cifar100,microsoft/rad-dino,Adam,0.01,Linear,linear,,,256,5,"[(5, 6)]",[],[],{},identity,identity,1,0.2927,0.2948,-0.0020999999999999,250,0.01,6498816,7.639114577691113
1,imagenet-1k,imagenet-1k,microsoft/rad-dino,Adam,0.01,Linear,linear,,,256,5,"[(5, 6)]",[],[],{},identity,identity,1,0.0757,0.0779,-0.0021999999999999,250,0.0019,6498816,7.639114577691113
2,imagenet-1k,imagenet-1k,microsoft/rad-dino,Adam,0.01,Linear,linear,,,256,5,"[(5, 6)]",[],[],{},identity,identity,1,0.0736,0.0749,-0.0012999999999999,250,0.0019,6498816,7.639114577691113
3,imagenet-1k,imagenet-1k,microsoft/rad-dino,Adam,0.01,Linear,linear,,,256,5,"[(5, 6)]",[],[],{},identity,identity,1,0.0767,0.0764,0.0003,250,0.0019,6498816,7.639114577691113
1,chestmnist,chestmnist,microsoft/rad-dino,Adam,0.01,Linear,identity,,,256,5,"[(5, 6)]",[],[],{},identity,identity,1,0.7013328578433558,0.7002184282084429,0.0011144296349128,250,0.5317166674096198,7089408,8.333333333333334
2,chestmnist,chestmnist,microsoft/rad-dino,Adam,0.01,Linear,identity,,,256,5,"[(5, 6)]",[],[],{},identity,identity,1,0.6429813221593189,0.6499799402665716,-0.0069986181072526,250,0.5317166674096198,7089408,8.333333333333334
3,chestmnist,chestmnist,microsoft/rad-dino,Adam,0.01,Linear,identity,,,256,5,"[(5, 6)]",[],[],{},identity,identity,1,0.6962956358935497,0.6992377301297196,-0.0029420942361698,250,0.5317166674096198,7089408,8.333333333333334
1,chestmnist,chestmnist,microsoft/rad-dino,Adam,0.01,Linear,linear,,,256,5,"[(5, 6)]",[],[],{},identity,identity,1,0.7013328578433558,0.7025810190344581,-0.0012481611911023,250,0.5317166674096198,6498816,7.639114577691113
2,chestmnist,chestmnist,microsoft/rad-dino,Adam,0.01,Linear,linear,,,256,5,"[(5, 6)]",[],[],{},identity,identity,1,0.6429813221593189,0.6489992421878482,-0.0060179200285293,250,0.5317166674096198,6498816,7.639114577691113
3,chestmnist,chestmnist,microsoft/rad-dino,Adam,0.01,Linear,linear,,,256,5,"[(5, 6)]",[],[],{},identity,identity,1,0.6962956358935497,0.695537823741809,0.0007578121517407,250,0.5317166674096198,6498816,7.639114577691113
1,chestmnist,pneumoniamnist,microsoft/rad-dino,Adam,0.01,Linear,linear,,,256,5,"[(5, 6)]",[],[],{},identity,identity,1,0.7013328578433558,0.7000846966522534,0.0012481611911023,250,0.5317166674096198,6498816,7.639114577691113
2,chestmnist,pneumoniamnist,microsoft/rad-dino,Adam,0.01,Linear,linear,,,256,5,"[(5, 6)]",[],[],{},identity,identity,1,0.6429813221593189,0.6534569607274997,-0.0104756385681807,250,0.5317166674096198,6498816,7.639114577691113
3,chestmnist,pneumoniamnist,microsoft/rad-dino,Adam,0.01,Linear,linear,,,256,5,"[(5, 6)]",[],[],{},identity,identity,1,0.6962956358935497,0.692684883876432,0.0036107520171176,250,0.5317166674096198,6498816,7.639114577691113
1,chestmnist,cifar100,microsoft/rad-dino,Adam,0.01,Linear,linear,,,256,5,"[(5, 6)]",[],[],{},identity,identity,1,0.7013328578433558,0.6991485757589265,0.0021842820844292,250,0.5317166674096198,6498816,7.639114577691113
2,chestmnist,cifar100,microsoft/rad-dino,Adam,0.01,Linear,linear,,,256,5,"[(5, 6)]",[],[],{},identity,identity,1,0.6429813221593189,0.6752106272009986,-0.0322293050416796,250,0.5317166674096198,6498816,7.639114577691113
3,chestmnist,cifar100,microsoft/rad-dino,Adam,0.01,Linear,linear,,,256,5,"[(5, 6)]",[],[],{},identity,identity,1,0.6962956358935497,0.6840369099095083,0.0122587259840414,250,0.5317166674096198,6498816,7.639114577691113
1,chestmnist,imagenet-1k,microsoft/rad-dino,Adam,0.01,Linear,linear,,,256,5,"[(5, 6)]",[],[],{},identity,identity,1,0.7013328578433558,0.6981233004948068,0.0032095573485489,250,0.5317166674096198,6498816,7.639114577691113
2,chestmnist,imagenet-1k,microsoft/rad-dino,Adam,0.01,Linear,linear,,,256,5,"[(5, 6)]",[],[],{},identity,identity,1,0.6429813221593189,0.6731154994873624,-0.0301341773280434,250,0.5317166674096198,6498816,7.639114577691113
3,chestmnist,imagenet-1k,microsoft/rad-dino,Adam,0.01,Linear,linear,,,256,5,"[(5, 6)]",[],[],{},identity,identity,1,0.6962956358935497,0.6831453662015781,0.0131502696919716,250,0.5317166674096198,6498816,7.639114577691113
1,pneumoniamnist,pneumoniamnist,microsoft/rad-dino,Adam,0.01,Linear,linear,,,256,5,"[(0, 1), (2, 3)]",[],[],{},identity,identity,2,0.8974358974358975,0.8942307692307693,0.0032051282051281,250,0.625,12997632,15.278229155382226
2,pneumoniamnist,pneumoniamnist,microsoft/rad-dino,Adam,0.01,Linear,linear,,,256,5,"[(0, 1), (2, 3)]",[],[],{},identity,identity,2,0.8814102564102564,0.875,0.0064102564102563,250,0.625,12997632,15.278229155382226
3,pneumoniamnist,pneumoniamnist,microsoft/rad-dino,Adam,0.01,Linear,linear,,,256,5,"[(0, 1), (2, 3)]",[],[],{},identity,identity,2,0.8846153846153846,0.8814102564102564,0.0032051282051281,250,0.625,12997632,15.278229155382226
1,cifar100,cifar100,microsoft/rad-dino,Adam,0.01,Linear,linear,,,256,5,"[(0, 1), (2, 3)]",[],[],{},identity,identity,2,0.2903,0.3035,-0.0131999999999999,250,0.01,12997632,15.278229155382226
2,cifar100,cifar100,microsoft/rad-dino,Adam,0.01,Linear,linear,,,256,5,"[(0, 1), (2, 3)]",[],[],{},identity,identity,2,0.2879,0.3,-0.0121,250,0.01,12997632,15.278229155382226
3,cifar100,cifar100,microsoft/rad-dino,Adam,0.01,Linear,linear,,,256,5,"[(0, 1), (2, 3)]",[],[],{},identity,identity,2,0.2927,0.3077,-0.0149999999999999,250,0.01,12997632,15.278229155382226
1,imagenet-1k,imagenet-1k,microsoft/rad-dino,Adam,0.01,Linear,linear,,,256,5,"[(0, 1), (2, 3)]",[],[],{},identity,identity,2,0.0757,0.0832,-0.0074999999999999,250,0.0019,12997632,15.278229155382226
2,imagenet-1k,imagenet-1k,microsoft/rad-dino,Adam,0.01,Linear,linear,,,256,5,"[(0, 1), (2, 3)]",[],[],{},identity,identity,2,0.0736,0.0786,-0.005,250,0.0019,12997632,15.278229155382226
3,imagenet-1k,imagenet-1k,microsoft/rad-dino,Adam,0.01,Linear,linear,,,256,5,"[(0, 1), (2, 3)]",[],[],{},identity,identity,2,0.0767,0.0764,0.0003,250,0.0019,12997632,15.278229155382226
1,chestmnist,chestmnist,microsoft/rad-dino,Adam,0.01,Linear,identity,,,256,5,"[(0, 1), (2, 3)]",[],[],{},identity,identity,2,0.7013328578433558,0.6936210047697589,0.0077118530735968,250,0.5317166674096198,14178816,16.666666666666668
2,chestmnist,chestmnist,microsoft/rad-dino,Adam,0.01,Linear,identity,,,256,5,"[(0, 1), (2, 3)]",[],[],{},identity,identity,2,0.6429813221593189,0.6834574064993536,-0.0404760843400346,250,0.5317166674096198,14178816,16.666666666666668
3,chestmnist,chestmnist,microsoft/rad-dino,Adam,0.01,Linear,identity,,,256,5,"[(0, 1), (2, 3)]",[],[],{},identity,identity,2,0.6962956358935497,0.6933535416573797,0.0029420942361699,250,0.5317166674096198,14178816,16.666666666666668
1,chestmnist,chestmnist,microsoft/rad-dino,Adam,0.01,Linear,linear,,,256,5,"[(0, 1), (2, 3)]",[],[],{},identity,identity,2,0.7013328578433558,0.6997280791690813,0.0016047786742744,250,0.5317166674096198,12997632,15.278229155382226
2,chestmnist,chestmnist,microsoft/rad-dino,Adam,0.01,Linear,linear,,,256,5,"[(0, 1), (2, 3)]",[],[],{},identity,identity,2,0.6429813221593189,0.6514955645700531,-0.0085142424107341,250,0.5317166674096198,12997632,15.278229155382226
3,chestmnist,chestmnist,microsoft/rad-dino,Adam,0.01,Linear,linear,,,256,5,"[(0, 1), (2, 3)]",[],[],{},identity,identity,2,0.6962956358935497,0.6938438906967415,0.0024517451968082,250,0.5317166674096198,12997632,15.278229155382226
1,chestmnist,pneumoniamnist,microsoft/rad-dino,Adam,0.01,Linear,linear,,,256,5,"[(0, 1), (2, 3)]",[],[],{},identity,identity,2,0.7013328578433558,0.6969642936744974,0.0043685641688583,250,0.5317166674096198,12997632,15.278229155382226
2,chestmnist,pneumoniamnist,microsoft/rad-dino,Adam,0.01,Linear,linear,,,256,5,"[(0, 1), (2, 3)]",[],[],{},identity,identity,2,0.6429813221593189,0.6681228547229527,-0.0251415325636338,250,0.5317166674096198,12997632,15.278229155382226
3,chestmnist,pneumoniamnist,microsoft/rad-dino,Adam,0.01,Linear,linear,,,256,5,"[(0, 1), (2, 3)]",[],[],{},identity,identity,2,0.6962956358935497,0.687825970668212,0.0084696652253376,250,0.5317166674096198,12997632,15.278229155382226
1,chestmnist,cifar100,microsoft/rad-dino,Adam,0.01,Linear,linear,,,256,5,"[(0, 1), (2, 3)]",[],[],{},identity,identity,2,0.7013328578433558,0.6960281727811706,0.0053046850621851,250,0.5317166674096198,12997632,15.278229155382226
2,chestmnist,cifar100,microsoft/rad-dino,Adam,0.01,Linear,linear,,,256,5,"[(0, 1), (2, 3)]",[],[],{},identity,identity,2,0.6429813221593189,0.6872910444434538,-0.0443097222841348,250,0.5317166674096198,12997632,15.278229155382226
3,chestmnist,cifar100,microsoft/rad-dino,Adam,0.01,Linear,linear,,,256,5,"[(0, 1), (2, 3)]",[],[],{},identity,identity,2,0.6962956358935497,0.6522087995363973,0.0440868363571523,250,0.5317166674096198,12997632,15.278229155382226
1,chestmnist,imagenet-1k,microsoft/rad-dino,Adam,0.01,Linear,linear,,,256,5,"[(0, 1), (2, 3)]",[],[],{},identity,identity,2,0.7013328578433558,0.6940221994383274,0.0073106584050283,250,0.5317166674096198,12997632,15.278229155382226
2,chestmnist,imagenet-1k,microsoft/rad-dino,Adam,0.01,Linear,linear,,,256,5,"[(0, 1), (2, 3)]",[],[],{},identity,identity,2,0.6429813221593189,0.6424909731199572,0.0004903490393617,250,0.5317166674096198,12997632,15.278229155382226
3,chestmnist,imagenet-1k,microsoft/rad-dino,Adam,0.01,Linear,linear,,,256,5,"[(0, 1), (2, 3)]",[],[],{},identity,identity,2,0.6962956358935497,0.6766816743190835,0.0196139615744661,250,0.5317166674096198,12997632,15.278229155382226
