skip_config,accuracy_mean,accuracy_std
"Encoder: facebook/deit-small-patch16-224, Dataset: imagenet-1k, Block: [(10, 11)], Block Mode: identity, MLP: [], MLP Mode: identity, Attn: []",0.7354666666666666,0.0018337575266830712
"Encoder: facebook/deit-small-patch16-224, Dataset: imagenet-1k, Block: [(10, 11)], Block Mode: linear, MLP: [], MLP Mode: identity, Attn: []",0.7356333333333334,0.0022096756926451083
"Encoder: facebook/deit-small-patch16-224, Dataset: imagenet-1k, Block: [(2, 3)], Block Mode: identity, MLP: [], MLP Mode: identity, Attn: []",0.7051,0.00032249030993194603
"Encoder: facebook/deit-small-patch16-224, Dataset: imagenet-1k, Block: [(2, 3)], Block Mode: linear, MLP: [], MLP Mode: identity, Attn: []",0.7329666666666667,0.002327802969898195
"Encoder: facebook/deit-small-patch16-224, Dataset: imagenet-1k, Block: [(3, 4), (9, 10)], Block Mode: identity, MLP: [], MLP Mode: identity, Attn: []",0.6886333333333333,0.0030414908624992634
"Encoder: facebook/deit-small-patch16-224, Dataset: imagenet-1k, Block: [(3, 4), (9, 10)], Block Mode: linear, MLP: [], MLP Mode: identity, Attn: []",0.7080000000000001,0.0015722595205627193
"Encoder: facebook/deit-small-patch16-224, Dataset: imagenet-1k, Block: [(3, 4), (9, 11)], Block Mode: identity, MLP: [], MLP Mode: identity, Attn: []",0.6688666666666666,0.0026066581415035367
"Encoder: facebook/deit-small-patch16-224, Dataset: imagenet-1k, Block: [(3, 4), (9, 11)], Block Mode: linear, MLP: [], MLP Mode: identity, Attn: []",0.6821999999999999,0.0013535139452550405
"Encoder: facebook/deit-small-patch16-224, Dataset: imagenet-1k, Block: [], Block Mode: identity, MLP: [11], MLP Mode: identity, Attn: []",0.7380999999999999,0.0004647580015448452
"Encoder: facebook/deit-small-patch16-224, Dataset: imagenet-1k, Block: [], Block Mode: identity, MLP: [11], MLP Mode: linear, Attn: []",0.7353333333333333,0.0010443498775155014
"Encoder: facebook/deit-small-patch16-224, Dataset: imagenet-1k, Block: [], Block Mode: identity, MLP: [3], MLP Mode: identity, Attn: []",0.7203666666666666,0.0009973297682645843
"Encoder: facebook/deit-small-patch16-224, Dataset: imagenet-1k, Block: [], Block Mode: identity, MLP: [3], MLP Mode: linear, Attn: []",0.7332666666666666,0.0009750213672872323
"Encoder: facebook/deit-small-patch16-224, Dataset: imagenet-1k, Block: [], Block Mode: identity, MLP: [4, 10, 11], MLP Mode: identity, Attn: []",0.7102333333333334,0.0009479803092189207
"Encoder: facebook/deit-small-patch16-224, Dataset: imagenet-1k, Block: [], Block Mode: identity, MLP: [4, 10, 11], MLP Mode: linear, Attn: []",0.7078833333333333,0.001822544009528091
"Encoder: facebook/deit-small-patch16-224, Dataset: imagenet-1k, Block: [], Block Mode: identity, MLP: [4, 10], MLP Mode: identity, Attn: []",0.7115,0.0009674709297958181
"Encoder: facebook/deit-small-patch16-224, Dataset: imagenet-1k, Block: [], Block Mode: identity, MLP: [4, 10], MLP Mode: linear, Attn: []",0.7156833333333333,0.001276583983397362
"Encoder: facebook/deit-small-patch16-224, Dataset: imagenet-1k, Block: [], Block Mode: identity, MLP: [], MLP Mode: identity, Attn: [11]",0.7348,0.0013175735273600723
"Encoder: facebook/deit-small-patch16-224, Dataset: imagenet-1k, Block: [], Block Mode: identity, MLP: [], MLP Mode: identity, Attn: [3]",0.7283666666666667,0.0008115828156551323
"Encoder: facebook/deit-small-patch16-224, Dataset: imagenet-1k, Block: [], Block Mode: identity, MLP: [], MLP Mode: identity, Attn: [4, 10, 11]",0.6976333333333334,0.0017374310537879424
"Encoder: facebook/deit-small-patch16-224, Dataset: imagenet-1k, Block: [], Block Mode: identity, MLP: [], MLP Mode: identity, Attn: [4, 10]",0.7128333333333333,0.0017489044189625315
"Encoder: facebook/deit-small-patch16-224, Dataset: imagenet-1k, Block: [], Block Mode: identity, MLP: [], MLP Mode: linear, Attn: []",0.7374333333333333,0.0012209286083414955
"Encoder: facebook/dino-vitb16, Dataset: imagenet-1k, Block: [(0, 1), (2, 3), (4, 5)], Block Mode: identity, MLP: [], MLP Mode: identity, Attn: []",0.37633333333333335,0.0029535289626704763
"Encoder: facebook/dino-vitb16, Dataset: imagenet-1k, Block: [(0, 1), (2, 3), (4, 5)], Block Mode: linear, MLP: [], MLP Mode: identity, Attn: []",0.5293666666666667,0.006115826463637923
"Encoder: facebook/dino-vitb16, Dataset: imagenet-1k, Block: [(0, 1), (2, 3)], Block Mode: identity, MLP: [], MLP Mode: identity, Attn: []",0.4819333333333333,0.003655589327773751
"Encoder: facebook/dino-vitb16, Dataset: imagenet-1k, Block: [(0, 1), (2, 3)], Block Mode: linear, MLP: [], MLP Mode: identity, Attn: []",0.5829,0.004899999999999964
"Encoder: facebook/dino-vitb16, Dataset: imagenet-1k, Block: [(0, 1)], Block Mode: identity, MLP: [], MLP Mode: identity, Attn: []",0.6015666666666667,0.0009291573243177895
"Encoder: facebook/dino-vitb16, Dataset: imagenet-1k, Block: [(0, 1)], Block Mode: linear, MLP: [], MLP Mode: identity, Attn: []",0.6236666666666667,0.003583759664560884
"Encoder: facebook/dino-vitb16, Dataset: imagenet-1k, Block: [(0, 4)], Block Mode: identity, MLP: [], MLP Mode: identity, Attn: []",0.06133333333333333,0.004935922743857861
"Encoder: facebook/dino-vitb16, Dataset: imagenet-1k, Block: [(0, 4)], Block Mode: linear, MLP: [], MLP Mode: identity, Attn: []",0.22356666666666666,0.0004509249752822952
"Encoder: facebook/dino-vitb16, Dataset: imagenet-1k, Block: [(5, 6)], Block Mode: identity, MLP: [], MLP Mode: identity, Attn: []",0.6414666666666666,0.0036198526673517405
"Encoder: facebook/dino-vitb16, Dataset: imagenet-1k, Block: [(5, 6)], Block Mode: linear, MLP: [], MLP Mode: identity, Attn: []",0.6364666666666666,0.001975685535031651
"Encoder: facebook/dino-vitb16, Dataset: imagenet-1k, Block: [], Block Mode: identity, MLP: [1, 2, 3, 4], MLP Mode: identity, Attn: []",0.3315333333333333,0.00015275252316518238
"Encoder: facebook/dino-vitb16, Dataset: imagenet-1k, Block: [], Block Mode: identity, MLP: [1, 2, 3, 4], MLP Mode: linear, Attn: []",0.23483333333333334,0.0027610384519838405
"Encoder: facebook/dino-vitb16, Dataset: imagenet-1k, Block: [], Block Mode: identity, MLP: [1, 3, 5], MLP Mode: identity, Attn: []",0.6044666666666667,0.0006806859285554078
"Encoder: facebook/dino-vitb16, Dataset: imagenet-1k, Block: [], Block Mode: identity, MLP: [1, 3, 5], MLP Mode: linear, Attn: []",0.5134,0.0038196858509568863
"Encoder: facebook/dino-vitb16, Dataset: imagenet-1k, Block: [], Block Mode: identity, MLP: [1, 3], MLP Mode: identity, Attn: []",0.6142,0.004618441295502226
"Encoder: facebook/dino-vitb16, Dataset: imagenet-1k, Block: [], Block Mode: identity, MLP: [1, 3], MLP Mode: linear, Attn: []",0.5543,0.00717147125769881
"Encoder: facebook/dino-vitb16, Dataset: imagenet-1k, Block: [], Block Mode: identity, MLP: [1], MLP Mode: identity, Attn: []",0.6337333333333334,0.0037421027956663173
"Encoder: facebook/dino-vitb16, Dataset: imagenet-1k, Block: [], Block Mode: identity, MLP: [1], MLP Mode: linear, Attn: []",0.5997333333333333,0.003008875759039136
"Encoder: facebook/dino-vitb16, Dataset: imagenet-1k, Block: [], Block Mode: identity, MLP: [6], MLP Mode: identity, Attn: []",0.6484666666666666,0.004483674088661323
"Encoder: facebook/dino-vitb16, Dataset: imagenet-1k, Block: [], Block Mode: identity, MLP: [6], MLP Mode: linear, Attn: []",0.6443333333333333,0.0031533051443418956
"Encoder: facebook/dino-vitb16, Dataset: imagenet-1k, Block: [], Block Mode: identity, MLP: [], MLP Mode: identity, Attn: [1, 2, 3, 4]",0.4497,0.0024062418831032
"Encoder: facebook/dino-vitb16, Dataset: imagenet-1k, Block: [], Block Mode: identity, MLP: [], MLP Mode: identity, Attn: [1, 3, 5]",0.6128333333333333,0.002379775899813495
"Encoder: facebook/dino-vitb16, Dataset: imagenet-1k, Block: [], Block Mode: identity, MLP: [], MLP Mode: identity, Attn: [1, 3]",0.6242,0.006735725647619579
"Encoder: facebook/dino-vitb16, Dataset: imagenet-1k, Block: [], Block Mode: identity, MLP: [], MLP Mode: identity, Attn: [1]",0.6433666666666666,0.0039551653989856606
"Encoder: facebook/dino-vitb16, Dataset: imagenet-1k, Block: [], Block Mode: identity, MLP: [], MLP Mode: identity, Attn: [6]",0.6475,0.003642801120017454
"Encoder: facebook/dino-vitb16, Dataset: imagenet-1k, Block: [], Block Mode: identity, MLP: [], MLP Mode: identity, Attn: []",0.6530666666666667,0.004787831798772084
"Encoder: google/vit-large-patch16-224, Dataset: imagenet-1k, Block: [(16, 17), (22, 23)], Block Mode: identity, MLP: [], MLP Mode: identity, Attn: []",0.7768666666666667,0.002650157228040195
"Encoder: google/vit-large-patch16-224, Dataset: imagenet-1k, Block: [(17, 23)], Block Mode: identity, MLP: [], MLP Mode: identity, Attn: []",0.666,0.0020000000000000018
"Encoder: google/vit-large-patch16-224, Dataset: imagenet-1k, Block: [(17, 23)], Block Mode: linear, MLP: [], MLP Mode: identity, Attn: []",0.6696,0.0008717797887081502
"Encoder: google/vit-large-patch16-224, Dataset: imagenet-1k, Block: [(2, 4), (18, 23)], Block Mode: identity, MLP: [], MLP Mode: identity, Attn: []",0.6317333333333334,0.0014843629385474567
"Encoder: google/vit-large-patch16-224, Dataset: imagenet-1k, Block: [(22, 23)], Block Mode: identity, MLP: [], MLP Mode: identity, Attn: []",0.7847,0.001833030277982325
"Encoder: google/vit-large-patch16-224, Dataset: imagenet-1k, Block: [(22, 23)], Block Mode: linear, MLP: [], MLP Mode: identity, Attn: []",0.7812333333333333,0.000709459888459785
"Encoder: google/vit-large-patch16-224, Dataset: imagenet-1k, Block: [(3, 4), (20, 23)], Block Mode: identity, MLP: [], MLP Mode: identity, Attn: []",0.7354666666666666,0.000873689494805391
"Encoder: google/vit-large-patch16-224, Dataset: imagenet-1k, Block: [(3, 4), (20, 23)], Block Mode: linear, MLP: [], MLP Mode: identity, Attn: []",0.7396666666666668,0.0036855573979159588
"Encoder: google/vit-large-patch16-224, Dataset: imagenet-1k, Block: [(3, 4)], Block Mode: identity, MLP: [], MLP Mode: identity, Attn: []",0.7725666666666667,0.001550268793897757
"Encoder: google/vit-large-patch16-224, Dataset: imagenet-1k, Block: [(7, 8), (15, 16)], Block Mode: identity, MLP: [], MLP Mode: identity, Attn: []",0.7680666666666666,0.000550757054728621
"Encoder: google/vit-large-patch16-224, Dataset: imagenet-1k, Block: [(7, 8), (15, 16)], Block Mode: linear, MLP: [], MLP Mode: identity, Attn: []",0.7738999999999999,0.0024515301344262847
"Encoder: google/vit-large-patch16-224, Dataset: imagenet-1k, Block: [], Block Mode: identity, MLP: [17, 23], MLP Mode: identity, Attn: []",0.7836666666666666,0.003187998327059359
"Encoder: google/vit-large-patch16-224, Dataset: imagenet-1k, Block: [], Block Mode: identity, MLP: [23], MLP Mode: linear, Attn: []",0.7819333333333334,0.0022722969289539455
"Encoder: google/vit-large-patch16-224, Dataset: imagenet-1k, Block: [], Block Mode: identity, MLP: [4, 20, 21, 22, 23], MLP Mode: identity, Attn: []",0.7412666666666666,0.0015947831618540354
"Encoder: google/vit-large-patch16-224, Dataset: imagenet-1k, Block: [], Block Mode: identity, MLP: [4, 21, 22, 23], MLP Mode: identity, Attn: []",0.7579333333333333,0.0026159765544311406
"Encoder: google/vit-large-patch16-224, Dataset: imagenet-1k, Block: [], Block Mode: identity, MLP: [4], MLP Mode: identity, Attn: []",0.7769333333333334,0.0026839026311201077
"Encoder: google/vit-large-patch16-224, Dataset: imagenet-1k, Block: [], Block Mode: identity, MLP: [8, 16], MLP Mode: identity, Attn: []",0.7792333333333333,0.0012662279942148088
"Encoder: google/vit-large-patch16-224, Dataset: imagenet-1k, Block: [], Block Mode: identity, MLP: [8, 16], MLP Mode: linear, Attn: []",0.7777666666666666,0.0016802777548170927
"Encoder: google/vit-large-patch16-224, Dataset: imagenet-1k, Block: [], Block Mode: identity, MLP: [], MLP Mode: identity, Attn: [17, 23]",0.7772,0.002685144316419488
"Encoder: google/vit-large-patch16-224, Dataset: imagenet-1k, Block: [], Block Mode: identity, MLP: [], MLP Mode: identity, Attn: [23]",0.7827999999999999,0.0010148891565092155
"Encoder: google/vit-large-patch16-224, Dataset: imagenet-1k, Block: [], Block Mode: identity, MLP: [], MLP Mode: identity, Attn: [3, 4, 19, 20, 21, 22, 23]",0.6529666666666666,0.000585946527708246
"Encoder: google/vit-large-patch16-224, Dataset: imagenet-1k, Block: [], Block Mode: identity, MLP: [], MLP Mode: identity, Attn: [8, 16]",0.7718666666666666,0.0027061657993059703
"Encoder: google/vit-large-patch16-224, Dataset: imagenet-1k, Block: [], Block Mode: identity, MLP: [], MLP Mode: identity, Attn: []",0.7846000000000001,0.0014933184523067734
