seed,dataset,model,optimizer,lr,classifier,translator,batch_size,num_epochs,approx_layer,mlp_linearize,attn_linearize,num_layers,original_accuracy,accuracy,delta_acc,num_samples
0,mnist,google/vit-base-patch16-224,Adam,0.01,Linear,linear,256,5,[],[],[],0,0.9646,0.9646,0.0,500
0,mnist,google/vit-base-patch16-224,Adam,0.01,Linear,linear,256,5,[],[],[0],0,0.9646,0.9542,0.0103999999999999,500
0,mnist,google/vit-base-patch16-224,Adam,0.01,Linear,linear,256,5,[],[],[1],0,0.9646,0.9582,0.0063999999999999,500
0,mnist,google/vit-base-patch16-224,Adam,0.01,Linear,linear,256,5,[],[],[2],0,0.9646,0.9476,0.017,500
0,mnist,google/vit-base-patch16-224,Adam,0.01,Linear,linear,256,5,[],[],[3],0,0.9646,0.9659,-0.0012999999999999,500
0,mnist,google/vit-base-patch16-224,Adam,0.01,Linear,linear,256,5,[],[],[4],0,0.9646,0.961,0.0036,500
0,mnist,google/vit-base-patch16-224,Adam,0.01,Linear,linear,256,5,[],[],[5],0,0.9646,0.964,0.0006,500
0,mnist,google/vit-base-patch16-224,Adam,0.01,Linear,linear,256,5,[],[],[6],0,0.9646,0.9642,0.0004,500
0,mnist,google/vit-base-patch16-224,Adam,0.01,Linear,linear,256,5,[],[],[7],0,0.9646,0.9671,-0.0024999999999999,500
0,mnist,google/vit-base-patch16-224,Adam,0.01,Linear,linear,256,5,[],[],[8],0,0.9646,0.964,0.0006,500
0,mnist,google/vit-base-patch16-224,Adam,0.01,Linear,linear,256,5,[],[],[9],0,0.9646,0.9654,-0.0008,500
0,mnist,google/vit-base-patch16-224,Adam,0.01,Linear,linear,256,5,[],[],[10],0,0.9646,0.9641,0.0005,500
0,mnist,google/vit-base-patch16-224,Adam,0.01,Linear,linear,256,5,[],[],[11],0,0.9646,0.9633,0.0012999999999999,500
0,cifar10,google/vit-base-patch16-224,Adam,0.01,Linear,linear,256,5,[],[],[],0,0.9619,0.9619,0.0,500
0,cifar10,google/vit-base-patch16-224,Adam,0.01,Linear,linear,256,5,[],[],[0],0,0.9619,0.6821,0.2797999999999999,500
0,cifar10,google/vit-base-patch16-224,Adam,0.01,Linear,linear,256,5,[],[],[1],0,0.9619,0.901,0.0608999999999999,500
0,cifar10,google/vit-base-patch16-224,Adam,0.01,Linear,linear,256,5,[],[],[2],0,0.9619,0.9133,0.0485999999999999,500
0,cifar10,google/vit-base-patch16-224,Adam,0.01,Linear,linear,256,5,[],[],[3],0,0.9619,0.9355,0.0263999999999999,500
0,cifar10,google/vit-base-patch16-224,Adam,0.01,Linear,linear,256,5,[],[],[4],0,0.9619,0.9386,0.0232999999999999,500
0,cifar10,google/vit-base-patch16-224,Adam,0.01,Linear,linear,256,5,[],[],[5],0,0.9619,0.9456,0.0162999999999999,500
0,cifar10,google/vit-base-patch16-224,Adam,0.01,Linear,linear,256,5,[],[],[6],0,0.9619,0.9506,0.0112999999999999,500
0,cifar10,google/vit-base-patch16-224,Adam,0.01,Linear,linear,256,5,[],[],[7],0,0.9619,0.9564,0.0054999999999999,500
0,cifar10,google/vit-base-patch16-224,Adam,0.01,Linear,linear,256,5,[],[],[8],0,0.9619,0.9532,0.0086999999999999,500
0,cifar10,google/vit-base-patch16-224,Adam,0.01,Linear,linear,256,5,[],[],[9],0,0.9619,0.9594,0.0024999999999999,500
0,cifar10,google/vit-base-patch16-224,Adam,0.01,Linear,linear,256,5,[],[],[10],0,0.9619,0.9569,0.005,500
0,cifar10,google/vit-base-patch16-224,Adam,0.01,Linear,linear,256,5,[],[],[11],0,0.9619,0.9584,0.0034999999999999,500
0,cifar100,google/vit-base-patch16-224,Adam,0.01,Linear,linear,256,5,[],[],[],0,0.8372,0.8372,0.0,500
0,cifar100,google/vit-base-patch16-224,Adam,0.01,Linear,linear,256,5,[],[],[0],0,0.8372,0.4629,0.3743000000000001,500
0,cifar100,google/vit-base-patch16-224,Adam,0.01,Linear,linear,256,5,[],[],[1],0,0.8372,0.7137,0.1235,500
0,cifar100,google/vit-base-patch16-224,Adam,0.01,Linear,linear,256,5,[],[],[2],0,0.8372,0.7196,0.1176,500
0,cifar100,google/vit-base-patch16-224,Adam,0.01,Linear,linear,256,5,[],[],[3],0,0.8372,0.7787,0.0585000000000001,500
0,cifar100,google/vit-base-patch16-224,Adam,0.01,Linear,linear,256,5,[],[],[4],0,0.8372,0.7908,0.0464000000000001,500
0,cifar100,google/vit-base-patch16-224,Adam,0.01,Linear,linear,256,5,[],[],[5],0,0.8372,0.7952,0.042,500
0,cifar100,google/vit-base-patch16-224,Adam,0.01,Linear,linear,256,5,[],[],[6],0,0.8372,0.81,0.0272,500
0,cifar100,google/vit-base-patch16-224,Adam,0.01,Linear,linear,256,5,[],[],[7],0,0.8372,0.8222,0.015,500
0,cifar100,google/vit-base-patch16-224,Adam,0.01,Linear,linear,256,5,[],[],[8],0,0.8372,0.8179,0.0193,500
0,cifar100,google/vit-base-patch16-224,Adam,0.01,Linear,linear,256,5,[],[],[9],0,0.8372,0.8257,0.0115,500
0,cifar100,google/vit-base-patch16-224,Adam,0.01,Linear,linear,256,5,[],[],[10],0,0.8372,0.8193,0.0179,500
0,cifar100,google/vit-base-patch16-224,Adam,0.01,Linear,linear,256,5,[],[],[11],0,0.8372,0.8227,0.0145,500
0,fashion-mnist,google/vit-base-patch16-224,Adam,0.01,Linear,linear,256,5,[],[],[],0,0.8817,0.8817,0.0,500
0,fashion-mnist,google/vit-base-patch16-224,Adam,0.01,Linear,linear,256,5,[],[],[0],0,0.8817,0.8182,0.0635,500
0,fashion-mnist,google/vit-base-patch16-224,Adam,0.01,Linear,linear,256,5,[],[],[1],0,0.8817,0.8649,0.0168,500
0,fashion-mnist,google/vit-base-patch16-224,Adam,0.01,Linear,linear,256,5,[],[],[2],0,0.8817,0.8677,0.014,500
0,fashion-mnist,google/vit-base-patch16-224,Adam,0.01,Linear,linear,256,5,[],[],[3],0,0.8817,0.8837,-0.002,500
0,fashion-mnist,google/vit-base-patch16-224,Adam,0.01,Linear,linear,256,5,[],[],[4],0,0.8817,0.8782,0.0035,500
0,fashion-mnist,google/vit-base-patch16-224,Adam,0.01,Linear,linear,256,5,[],[],[5],0,0.8817,0.8708,0.0109,500
0,fashion-mnist,google/vit-base-patch16-224,Adam,0.01,Linear,linear,256,5,[],[],[6],0,0.8817,0.8817,0.0,500
0,fashion-mnist,google/vit-base-patch16-224,Adam,0.01,Linear,linear,256,5,[],[],[7],0,0.8817,0.8729,0.0088,500
0,fashion-mnist,google/vit-base-patch16-224,Adam,0.01,Linear,linear,256,5,[],[],[8],0,0.8817,0.8728,0.0089,500
0,fashion-mnist,google/vit-base-patch16-224,Adam,0.01,Linear,linear,256,5,[],[],[9],0,0.8817,0.8785,0.0032,500
0,fashion-mnist,google/vit-base-patch16-224,Adam,0.01,Linear,linear,256,5,[],[],[10],0,0.8817,0.8774,0.0043,500
0,fashion-mnist,google/vit-base-patch16-224,Adam,0.01,Linear,linear,256,5,[],[],[11],0,0.8817,0.8848,-0.0030999999999999917,500
