model,dataset,head_dict,total_heads_kept,accuracy_mean,accuracy_std
facebook/deit-small-patch16-224,cifar100,"{0: [0, 1, 2, 4, 5]}",71,0.7082333333333333,0.0016441816606851127
facebook/deit-small-patch16-224,cifar100,"{0: [0, 2, 4], 10: [0, 1, 5], 11: [0, 3, 5]}",63,0.7012,0.00043588989435404483
facebook/deit-small-patch16-224,cifar100,"{0: [0, 2, 4], 10: [0, 1], 11: [0, 5]}",61,0.7033999999999999,0.0002645751311064299
facebook/deit-small-patch16-224,cifar100,"{0: [0, 2], 1: [0, 1, 2, 3, 4], 2: [0, 1, 4, 5], 3: [0, 1, 2, 3, 4], 4: [0, 1, 4, 5], 5: [0, 1, 2, 4, 5], 7: [0, 1, 3, 4], 8: [0, 1, 2, 4], 9: [0], 10: [0, 2], 11: [0, 5]}",44,0.42460000000000003,0.0028618176042508286
facebook/deit-small-patch16-224,cifar100,"{0: [0, 2], 1: [0, 1, 2, 4], 2: [0, 1, 4, 5], 3: [0, 1, 2, 3, 4], 4: [0, 2, 4, 5], 5: [0, 1, 2, 4], 6: [0, 3, 4], 7: [0, 1, 3, 4], 8: [0], 9: [0], 10: [0], 11: [0, 5]}",35,0.3534333333333333,0.0018823743871327577
facebook/deit-small-patch16-224,cifar100,"{0: [0, 2], 1: [0, 1, 2], 2: [0, 1, 4, 5], 3: [0, 1, 4], 4: [0, 2, 4], 5: [0, 1, 2, 4], 6: [0, 3], 7: [0], 8: [0], 9: [0], 10: [0], 11: [0, 5]}",27,0.31670000000000004,0.0033719430600174637
facebook/deit-small-patch16-224,cifar100,"{0: [0, 2], 1: [0, 1, 2], 2: [0, 1, 4, 5], 3: [0, 3], 4: [0, 2, 4], 5: [0, 1, 2], 6: [0, 3], 7: [0], 8: [0], 9: [0], 10: [0], 11: [0, 5]}",25,0.328,0.0011789826122551663
facebook/deit-small-patch16-224,cifar100,"{0: [0, 2], 3: [0, 1, 2, 3, 4], 7: [0, 1, 2, 3, 4], 10: [0, 2], 11: [0, 5]}",58,0.6974,0.0020074859899884743
facebook/deit-small-patch16-224,cifar100,"{0: [0], 1: [0, 1, 2], 2: [0, 1, 4, 5], 3: [0], 4: [0, 2, 4], 5: [0, 2, 4], 6: [0, 5], 7: [0], 8: [0], 9: [0], 10: [0], 11: [0]}",22,0.3406,0.0031240998703626712
facebook/deit-small-patch16-224,cifar100,"{0: [0], 1: [0, 1, 2], 2: [0, 1, 4, 5], 3: [0], 4: [0], 5: [0, 2], 6: [0], 7: [0], 8: [0], 9: [0], 10: [0], 11: [0]}",18,0.3102333333333333,0.0005033222956847127
facebook/deit-small-patch16-224,cifar100,"{0: [0], 1: [0, 1, 2], 2: [0, 1, 5], 3: [0], 4: [0], 5: [0], 6: [0], 7: [0], 8: [0], 9: [0], 10: [0], 11: [0]}",16,0.2946666666666667,0.003843609414773226
facebook/deit-small-patch16-224,cifar100,"{0: [0], 1: [0, 1, 2], 2: [0, 5], 3: [0], 4: [0], 5: [0], 6: [0], 7: [0], 8: [0], 9: [0], 10: [0], 11: [0]}",15,0.29116666666666663,0.0024704925284917177
facebook/deit-small-patch16-224,cifar100,"{0: [0], 1: [0, 1, 2], 2: [0], 3: [0], 4: [0], 5: [0], 6: [0], 7: [0], 8: [0], 9: [0], 10: [0], 11: [0]}",14,0.2796,0.001473091986265615
facebook/deit-small-patch16-224,cifar100,"{0: [0], 1: [0], 2: [0], 3: [0], 4: [0], 5: [0], 6: [0], 7: [0], 8: [0], 9: [0], 10: [0], 11: [0]}",12,0.26743333333333336,0.0024337899115029443
facebook/deit-small-patch16-224,cifar100,{},72,0.7124666666666667,0.0004163331998932585
facebook/deit-small-patch16-224,imagenet-1k,"{0: [0, 2, 4, 5], 11: [0, 3, 5]}",67,0.7357333333333335,0.0010066445913694327
facebook/deit-small-patch16-224,imagenet-1k,"{0: [0, 2, 4], 10: [0, 1], 11: [0, 5]}",61,0.7229000000000001,0.001452583904633385
facebook/deit-small-patch16-224,imagenet-1k,"{0: [0, 2, 4], 10: [0, 2], 11: [0, 5]}",61,0.7233666666666667,0.0018230011885166978
facebook/deit-small-patch16-224,imagenet-1k,"{0: [0, 2, 4], 1: [0, 1, 2, 3, 4], 2: [0, 1, 4, 5], 3: [0, 1, 2, 3, 4], 5: [0, 1, 2, 4, 5], 7: [0, 1, 2, 3, 4], 9: [0, 1, 2, 3, 4], 10: [0], 11: [0, 5]}",53,0.5441666666666666,0.001604161255402065
facebook/deit-small-patch16-224,imagenet-1k,"{0: [0, 2], 1: [0, 1, 2, 4], 2: [0, 1, 4, 5], 3: [0, 2, 3, 4], 4: [0, 1, 4, 5], 5: [0, 1, 2, 4], 6: [0, 3, 4], 7: [0, 1, 3, 4], 8: [0], 9: [0, 2], 10: [0], 11: [0, 5]}",35,0.31616666666666665,0.0047120413127787145
facebook/deit-small-patch16-224,imagenet-1k,"{0: [0, 2], 1: [0, 1, 2, 4], 2: [0, 1, 4, 5], 3: [0, 2], 4: [0, 2, 4, 5], 5: [0, 1, 2, 4], 6: [0, 3], 7: [0, 1, 4], 8: [0], 9: [0], 10: [0], 11: [0, 5]}",30,0.28626666666666667,0.0030088757590391417
facebook/deit-small-patch16-224,imagenet-1k,"{0: [0], 1: [0, 1, 2], 2: [0, 1, 4, 5], 3: [0, 5], 4: [0, 2, 4], 5: [0, 2, 4], 6: [0, 3], 7: [0], 8: [0], 9: [0], 10: [0], 11: [0, 5]}",24,0.17036666666666667,0.0020744477176668765
facebook/deit-small-patch16-224,imagenet-1k,"{0: [0], 1: [0, 1, 2], 2: [0, 1, 4, 5], 3: [0], 4: [0, 2, 4], 5: [0, 2], 6: [0, 5], 7: [0], 8: [0], 9: [0], 10: [0], 11: [0, 5]}",22,0.1595,0.002762245463386629
facebook/deit-small-patch16-224,imagenet-1k,"{0: [0], 1: [0, 1, 2], 2: [0, 1, 5], 3: [0], 4: [0, 2, 4], 5: [0, 2], 6: [0], 7: [0], 8: [0], 9: [0], 10: [0], 11: [0, 5]}",20,0.13476666666666667,0.0014843629385474725
facebook/deit-small-patch16-224,imagenet-1k,"{0: [0], 1: [0, 1, 2], 2: [0, 1, 5], 3: [0], 4: [0], 5: [0, 2], 6: [0], 7: [0], 8: [0], 9: [0], 10: [0], 11: [0]}",17,0.10203333333333332,0.002059935274064051
facebook/deit-small-patch16-224,imagenet-1k,"{0: [0], 1: [0, 1, 2], 2: [0, 5], 3: [0], 4: [0], 5: [0], 6: [0], 7: [0], 8: [0], 9: [0], 10: [0], 11: [0]}",15,0.09506666666666667,0.000550757054728619
facebook/deit-small-patch16-224,imagenet-1k,"{0: [0], 1: [0, 1, 2], 2: [0], 3: [0], 4: [0], 5: [0], 6: [0], 7: [0], 8: [0], 9: [0], 10: [0], 11: [0]}",14,0.0883,0.0021377558326431895
facebook/deit-small-patch16-224,imagenet-1k,"{0: [0], 1: [0], 2: [0], 3: [0], 4: [0], 5: [0], 6: [0], 7: [0], 8: [0], 9: [0], 10: [0], 11: [0]}",12,0.07996666666666667,0.001115048578911844
facebook/deit-small-patch16-224,imagenet-1k,{},72,0.7374333333333333,0.0013650396819628716
facebook/deit-small-patch16-224,mnist,"{0: [0, 1, 2, 4, 5], 10: [0, 1, 2, 5], 11: [0, 2, 3, 5]}",67,0.9615333333333332,0.00202319878739912
facebook/deit-small-patch16-224,mnist,"{0: [0, 2, 4], 6: [0, 1, 2, 4, 5], 7: [0, 2, 4], 8: [0, 2, 3, 4, 5], 9: [0, 4], 10: [0], 11: [0, 5]}",51,0.9621,0.0010816653826392123
facebook/deit-small-patch16-224,mnist,"{0: [0, 2, 4], 7: [0, 1, 3, 4, 5], 8: [0, 1, 2, 4, 5], 9: [0, 1, 2, 3, 5], 10: [0, 2], 11: [0, 5]}",58,0.9632,0.0020999999999999908
facebook/deit-small-patch16-224,mnist,"{0: [0, 2], 1: [0, 1, 2, 3, 4], 2: [0, 1, 2, 4, 5], 3: [0, 1, 2, 3, 4], 4: [0, 2, 3, 4, 5], 6: [0, 1, 2, 4, 5], 7: [0, 4], 8: [0], 9: [0], 10: [0], 11: [0, 5]}",40,0.9433333333333334,0.0007371114795831973
facebook/deit-small-patch16-224,mnist,"{0: [0, 2], 1: [0, 1, 2, 3, 4], 2: [0, 1, 2, 4, 5], 3: [0, 1, 2, 3], 4: [0, 2, 4, 5], 5: [0, 1, 2, 3, 4], 6: [0, 3, 4], 7: [0, 4], 8: [0], 9: [0], 10: [0], 11: [0]}",34,0.9474666666666667,0.001474222959166394
facebook/deit-small-patch16-224,mnist,"{0: [0, 2], 1: [0, 1, 2, 3, 4], 2: [0, 1, 4, 5], 3: [0, 2, 3], 4: [0, 2, 4, 5], 5: [0, 1, 2, 4], 6: [0], 7: [0], 8: [0], 9: [0], 10: [0], 11: [0]}",28,0.9389,0.00115325625946708
facebook/deit-small-patch16-224,mnist,"{0: [0, 2], 1: [0, 1, 2, 4], 2: [0, 1, 4, 5], 3: [0, 3], 4: [0, 4, 5], 5: [0, 2, 5], 6: [0], 7: [0], 8: [0], 9: [0], 10: [0], 11: [0]}",24,0.9052666666666666,0.004944019956809791
facebook/deit-small-patch16-224,mnist,"{0: [0, 2], 1: [0, 1, 2], 2: [0, 1, 4, 5], 3: [0, 3], 4: [0, 4, 5], 5: [0, 2, 5], 6: [0], 7: [0], 8: [0], 9: [0], 10: [0], 11: [0]}",23,0.8992333333333334,0.007768097150096251
facebook/deit-small-patch16-224,mnist,"{0: [0, 2], 1: [0, 1, 2], 2: [0, 1, 4, 5], 3: [0], 4: [0, 4], 5: [0, 2], 6: [0], 7: [0], 8: [0], 9: [0], 10: [0], 11: [0]}",20,0.8795333333333333,0.008022676195219007
facebook/deit-small-patch16-224,mnist,"{0: [0], 1: [0, 1, 2], 2: [0, 1, 4, 5], 3: [0], 4: [0, 5], 5: [0, 2], 6: [0], 7: [0], 8: [0], 9: [0], 10: [0], 11: [0]}",19,0.9178000000000001,0.0030805843601498573
facebook/deit-small-patch16-224,mnist,"{0: [0], 1: [0, 1, 2], 2: [0, 1, 4, 5], 3: [0], 4: [0], 5: [0], 6: [0], 7: [0], 8: [0], 9: [0], 10: [0], 11: [0]}",17,0.9017333333333334,0.003139001964531623
facebook/deit-small-patch16-224,mnist,"{0: [0], 1: [0, 1, 2], 2: [0, 1, 5], 3: [0], 4: [0], 5: [0], 6: [0], 7: [0], 8: [0], 9: [0], 10: [0], 11: [0]}",16,0.8941333333333334,0.0015275252316519843
facebook/deit-small-patch16-224,mnist,"{0: [0], 1: [0, 1, 2], 2: [0, 5], 3: [0], 4: [0], 5: [0], 6: [0], 7: [0], 8: [0], 9: [0], 10: [0], 11: [0]}",15,0.8621333333333334,0.0038017539811688672
facebook/deit-small-patch16-224,mnist,"{0: [0], 1: [0, 1, 2], 2: [0], 3: [0], 4: [0], 5: [0], 6: [0], 7: [0], 8: [0], 9: [0], 10: [0], 11: [0]}",14,0.8535333333333334,0.003493326972004343
facebook/deit-small-patch16-224,mnist,"{0: [0], 1: [0, 1], 2: [0], 3: [0], 4: [0], 5: [0], 6: [0], 7: [0], 8: [0], 9: [0], 10: [0], 11: [0]}",13,0.8394,0.008155366331440922
facebook/deit-small-patch16-224,mnist,"{0: [0], 1: [0], 2: [0], 3: [0], 4: [0], 5: [0], 6: [0], 7: [0], 8: [0], 9: [0], 10: [0], 11: [0]}",12,0.8119999999999999,0.010320368210485495
facebook/deit-small-patch16-224,mnist,{},72,0.9617333333333334,0.0033080709383768708
facebook/dinov2-base,cifar100,"{0: [0, 1, 2, 4, 5, 6, 7, 8, 9, 10, 11], 1: [0, 1, 2, 3, 4, 5, 7, 8, 9, 10, 11], 2: [0, 2, 5, 7, 8, 9, 10], 3: [0, 1, 2, 3, 4, 5, 6, 7, 8, 9, 10], 4: [0, 1, 2, 3, 4, 5, 6, 7, 8, 9], 5: [0, 1, 2, 3, 4, 5, 6, 7, 8, 9, 10], 6: [0, 1, 2, 3, 4, 5, 6, 7, 9, 11], 7: [0, 1, 2, 3, 4, 5, 6, 7, 9, 10, 11], 10: [0, 1, 2, 3, 4, 5, 6, 7, 9, 11], 11: [0, 2, 3, 6]}",120,0.6121666666666666,0.0038850139424889984
facebook/dinov2-base,cifar100,"{0: [0, 1, 2, 4, 6, 7, 8, 9, 11], 1: [0, 1, 2, 3, 4, 5, 8, 9, 10, 11], 2: [0, 2, 5, 7, 8, 9], 3: [0, 1, 2, 3, 4, 5, 6, 7, 8, 9], 4: [0, 1, 2, 3, 4, 5, 6, 7, 8, 9], 5: [0, 1, 2, 3, 4, 5, 6, 7, 8, 9, 10], 6: [0, 1, 3, 4, 5, 11], 7: [0, 1, 2, 3, 4, 6, 7, 9, 10, 11], 8: [0, 1, 2, 3, 4, 5, 6, 7, 8, 9, 10], 9: [0, 1, 2, 3, 4, 5, 6, 7, 9, 10], 10: [0, 1, 2, 3, 5, 7, 9, 11], 11: [0, 3, 6]}",104,0.4223666666666667,0.021724256795879877
facebook/dinov2-base,cifar100,"{0: [0, 1, 2, 6, 7, 8, 9], 1: [0, 1, 2, 3, 4, 5, 8, 11], 2: [0, 2, 7, 8], 3: [0, 1, 2, 3, 4, 5, 6, 7, 8], 4: [0, 1, 2, 3, 4, 5, 6, 7, 9], 5: [0, 2, 3, 4, 5, 6, 7, 9, 10], 6: [0, 1, 3, 4, 5], 7: [0, 1, 2, 3, 4, 6, 7, 9, 10, 11], 8: [0, 1, 2, 4, 7, 9], 9: [0, 1, 2, 4, 6, 10], 10: [0, 1, 3, 10], 11: [0, 3, 6]}",80,0.2916666666666667,0.019129122649335837
facebook/dinov2-base,cifar100,"{0: [0, 1, 2, 6, 7, 9], 1: [0, 1, 2, 3, 4, 5, 8, 11], 2: [0, 2, 8], 3: [0, 1, 2, 3, 4, 6, 7, 8], 4: [0, 1, 2, 3, 4, 6, 7], 5: [0, 3, 4, 5, 6, 9, 10], 6: [0, 1, 4, 5], 7: [0, 2, 3, 4, 6, 9, 10], 8: [0, 4, 9], 9: [0, 1, 11], 10: [0, 10], 11: [0]}",59,0.17306666666666667,0.01695651300631512
facebook/dinov2-base,cifar100,"{0: [0, 1, 2, 6, 7, 9], 1: [0, 1, 2, 3, 4, 5, 8], 2: [0, 2, 8], 3: [0, 1, 2, 3, 8], 4: [0, 1, 2, 3, 4, 6, 7], 5: [0, 3, 4, 5, 10], 6: [0, 1, 5], 7: [0, 3, 4, 6, 7, 10], 8: [0], 9: [0, 11], 10: [0], 11: [0]}",47,0.1203,0.015881120867243595
facebook/dinov2-base,cifar100,"{0: [0, 1, 2, 6, 7, 9], 1: [0, 1, 2, 3, 5, 11], 2: [0, 2], 3: [0, 1, 2, 3, 8], 4: [0, 1, 2, 3, 4, 6, 7], 5: [0, 3], 6: [0, 1, 5], 7: [0, 4, 6], 8: [0], 9: [0], 10: [0], 11: [0]}",38,0.10006666666666668,0.013838472940802876
facebook/dinov2-base,cifar100,"{0: [0, 1, 2, 6, 7, 9], 1: [0, 1, 2, 3, 5, 8], 2: [0, 2, 8], 3: [0, 1, 2, 3, 8], 4: [0, 1, 2, 3, 4, 6, 7], 5: [0, 3, 5], 6: [0, 1, 5], 7: [0, 3, 4, 6], 8: [0], 9: [0], 10: [0], 11: [0]}",41,0.09703333333333335,0.02244378161837558
facebook/dinov2-base,cifar100,"{0: [0, 2, 6, 7, 9], 1: [0, 1, 2, 3, 5], 2: [0, 2], 3: [0, 1, 2, 3, 8], 4: [0, 1, 2, 3, 4, 6, 7], 5: [0], 6: [0, 1, 5], 7: [0, 4], 8: [0], 9: [0], 10: [0], 11: [0]}",34,0.09253333333333334,0.010598742063723096
facebook/dinov2-base,cifar100,"{0: [0, 2, 6, 7], 1: [0, 1, 2, 3, 5], 2: [0, 2], 3: [0, 1, 2, 3, 8], 4: [0, 1, 2, 3, 7], 5: [0], 6: [0, 1], 7: [0, 4], 8: [0], 9: [0], 10: [0], 11: [0]}",30,0.09249999999999999,0.014226383939708646
facebook/dinov2-base,cifar100,"{0: [0, 2, 6, 7], 1: [0, 1, 2, 3], 2: [0, 2], 3: [0, 1, 2, 3, 8], 4: [0, 1, 2, 3, 7], 5: [0], 6: [0], 7: [0, 4], 8: [0], 9: [0], 10: [0], 11: [0]}",28,0.0954,0.009340235543068497
facebook/dinov2-base,cifar100,"{0: [0, 2, 6, 7], 1: [0, 1, 2, 3], 2: [0, 2], 3: [0, 1, 2, 3, 8], 4: [0, 1, 3, 6], 5: [0], 6: [0], 7: [0], 8: [0], 9: [0], 10: [0], 11: [0]}",26,0.09899999999999999,0.014310485666112113
facebook/dinov2-base,cifar100,"{0: [0, 6, 7], 1: [0, 1, 2, 3], 2: [0, 2], 3: [0, 1, 2, 3, 8], 4: [0, 1, 3, 7, 8], 5: [0], 6: [0], 7: [0], 8: [0], 9: [0], 10: [0], 11: [0]}",26,0.09823333333333334,0.011359724175055184
facebook/dinov2-base,cifar100,"{0: [0, 6, 7], 1: [0, 1, 2, 3], 2: [0, 2], 3: [0, 1, 8], 4: [0, 1, 3, 7], 5: [0], 6: [0], 7: [0], 8: [0], 9: [0], 10: [0], 11: [0]}",23,0.0966,0.008742997197757752
facebook/dinov2-base,cifar100,"{0: [0], 1: [0, 1, 2, 3], 2: [0], 3: [0, 1], 4: [0, 3, 7], 5: [0], 6: [0], 7: [0], 8: [0], 9: [0], 10: [0], 11: [0]}",18,0.09573333333333334,0.008545369116271889
facebook/dinov2-base,cifar100,"{0: [0], 1: [0, 1, 2, 3], 2: [0], 3: [0, 1], 4: [0, 3], 5: [0], 6: [0], 7: [0], 8: [0], 9: [0], 10: [0], 11: [0]}",17,0.09496666666666666,0.007950052410728707
facebook/dinov2-base,cifar100,"{0: [0], 1: [0, 1, 2], 2: [0], 3: [0, 1], 4: [0], 5: [0], 6: [0], 7: [0], 8: [0], 9: [0], 10: [0], 11: [0]}",15,0.09549999999999999,0.009656086163658656
facebook/dinov2-base,cifar100,"{0: [0], 1: [0, 4], 2: [0], 3: [0, 2], 4: [0], 5: [0], 6: [0], 7: [0], 8: [0], 9: [0], 10: [0], 11: [0]}",14,0.0931,0.007794228634059947
facebook/dinov2-base,cifar100,"{1: [0, 1, 2, 3, 4, 5, 7, 8, 9, 10, 11], 2: [0, 1, 2, 3, 4, 5, 6, 7, 8, 9, 10], 11: [0, 1, 2, 3, 4, 5, 6, 7, 8, 9, 11]}",141,0.8720333333333333,0.001625833119767604
facebook/dinov2-base,cifar100,{},144,0.8720666666666667,0.0047427137098219625
facebook/dinov2-base,imagenet-1k,"{0: [0, 1, 2, 3, 4, 5, 6, 7, 8, 9, 11], 1: [0, 1, 2, 3, 4, 5, 6, 8, 9, 10, 11], 2: [0, 1, 2, 3, 4, 5, 6, 7, 8, 9, 10]}",141,0.7427333333333334,0.0046522396040329615
facebook/dinov2-base,imagenet-1k,"{0: [0, 1, 2, 3, 4, 5, 6, 7, 8, 9, 11], 1: [0, 1, 2, 3, 4, 5, 6, 8, 9, 10, 11], 2: [0, 2, 7, 8, 9, 10], 3: [0, 1, 2, 3, 4, 5, 6, 7, 8, 9, 10], 4: [0, 1, 2, 3, 4, 5, 6, 7, 8, 9, 11], 6: [0, 1, 2, 3, 4, 5, 6, 7, 9, 10, 11], 10: [0, 1, 2, 3, 4, 5, 6, 7, 8, 9, 11], 11: [0, 1, 2, 3, 4, 6, 8]}",127,0.7002,0.008195730595865086
facebook/dinov2-base,imagenet-1k,"{0: [0, 1, 2, 3, 4, 5, 6, 7, 8, 9, 11], 1: [0, 1, 2, 3, 4, 5, 8, 9, 10, 11], 2: [0, 2, 7, 8, 9, 10], 3: [0, 1, 2, 3, 4, 5, 6, 7, 8, 9], 4: [0, 1, 2, 3, 4, 5, 6, 7, 8, 9], 5: [0, 1, 2, 3, 4, 5, 6, 7, 8, 9, 10], 6: [0, 1, 3, 4, 5, 7, 11], 7: [0, 1, 2, 3, 4, 6, 7, 9, 10, 11], 9: [0, 1, 2, 3, 4, 5, 6, 7, 9, 10, 11], 10: [0, 1, 2, 5, 7, 8, 9, 11], 11: [0, 1, 3, 6, 8]}",111,0.5529666666666667,0.005704676444228278
facebook/dinov2-base,imagenet-1k,"{0: [0, 1, 2, 3, 4, 5, 6, 7, 8, 9], 1: [0, 1, 2, 3, 4, 5, 8, 9, 10, 11], 2: [0, 2, 7, 8], 3: [0, 1, 2, 3, 4, 6, 7, 8], 4: [0, 1, 2, 3, 4, 5, 6, 7, 8, 9], 5: [0, 2, 3, 4, 5, 6, 7, 9, 10], 6: [0, 1, 3, 4, 5], 7: [0, 1, 2, 3, 4, 6, 7, 9, 10, 11], 8: [0, 1, 3, 4, 5, 7, 9], 9: [0, 1, 2, 4, 6, 7, 9, 10], 10: [0, 1, 3, 10], 11: [0, 3, 6]}",88,0.22863333333333333,0.007788666980512985
facebook/dinov2-base,imagenet-1k,"{0: [0, 1, 2, 3, 4, 6, 7, 8, 9], 1: [0, 1, 2, 3, 4, 5, 8, 10, 11], 2: [0, 2, 7, 8], 3: [0, 1, 2, 3, 7, 8], 4: [0, 1, 2, 3, 4, 5, 6, 7, 8], 5: [0, 3, 4, 5, 6, 7, 9, 10], 6: [0, 1, 4, 5], 7: [0, 2, 3, 4, 6, 9, 10], 8: [0, 5, 9], 9: [0, 1, 6, 11], 10: [0, 10], 11: [0, 3, 9]}",68,0.08133333333333333,0.003538832199092422
facebook/dinov2-base,imagenet-1k,"{0: [0, 1, 2, 3, 6, 7, 8, 9], 1: [0, 1, 2, 3, 4, 5, 8], 2: [0, 2, 8], 3: [0, 1, 2, 3, 8, 11], 4: [0, 1, 2, 3, 4, 6, 7], 5: [0, 3, 4, 5, 10, 11], 6: [0, 1, 5], 7: [0, 3, 4, 6, 7, 9, 10], 8: [0, 5], 9: [0], 10: [0], 11: [0]}",52,0.024666666666666667,0.003484728588187801
facebook/dinov2-base,imagenet-1k,"{0: [0, 1, 2, 4, 6, 7, 8, 9], 1: [0, 1, 2, 3, 4, 8], 2: [0, 2, 8], 3: [0, 1, 2, 3, 8], 4: [0, 1, 2, 3, 4, 6, 7], 5: [0, 3], 6: [0, 1, 5], 7: [0, 3, 6, 7], 8: [0], 9: [0], 10: [0], 11: [0]}",42,0.01576666666666667,0.004140450861118064
facebook/dinov2-base,imagenet-1k,"{0: [0, 1, 6, 7, 8, 9, 11], 1: [0, 1, 2, 3, 4], 2: [0, 2], 3: [0, 1, 2, 3, 8], 4: [0, 1, 2, 3, 4, 6, 7], 5: [0, 3], 6: [0, 1, 5], 7: [0, 4], 8: [0], 9: [0], 10: [0], 11: [0]}",37,0.012000000000000002,0.003304542328371661
facebook/dinov2-base,imagenet-1k,"{0: [0, 1, 6, 7, 8, 9, 11], 1: [0, 1, 2, 3, 5], 2: [0, 2], 3: [0, 1, 2, 3, 8], 4: [0, 1, 2, 3, 4, 7], 5: [0], 6: [0, 1, 5], 7: [0, 4], 8: [0], 9: [0], 10: [0], 11: [0]}",35,0.013833333333333331,0.004535783651513079
facebook/dinov2-base,imagenet-1k,"{0: [0, 1, 6, 7, 8, 9], 1: [0, 1, 2, 3, 5], 2: [0, 2], 3: [0, 1, 2, 3, 8], 4: [0, 1, 3, 4, 8], 5: [0], 6: [0, 1, 5], 7: [0, 4], 8: [0], 9: [0], 10: [0], 11: [0]}",33,0.013366666666666667,0.0038798625405203893
facebook/dinov2-base,imagenet-1k,"{0: [0, 1, 6, 7, 9], 1: [0, 1, 2, 3, 5], 2: [0, 2], 3: [0, 1, 2, 3, 8], 4: [0, 1, 3, 6], 5: [0], 6: [0], 7: [0], 8: [0], 9: [0], 10: [0], 11: [0]}",28,0.015,0.0020223748416156677
facebook/dinov2-base,imagenet-1k,"{0: [0, 1, 6, 7], 1: [0, 1, 2, 3, 5], 2: [0, 2], 3: [0, 1, 2, 8], 4: [0, 3, 4], 5: [0], 6: [0], 7: [0], 8: [0], 9: [0], 10: [0], 11: [0]}",25,0.010433333333333334,0.003685557397915996
facebook/dinov2-base,imagenet-1k,"{0: [0, 1, 6, 7], 1: [0, 1, 2, 3, 5], 2: [0], 3: [0, 1, 2, 8], 4: [0, 3, 4], 5: [0], 6: [0], 7: [0], 8: [0], 9: [0], 10: [0], 11: [0]}",24,0.0114,0.004457577817604534
facebook/dinov2-base,imagenet-1k,"{0: [0, 1, 6, 7], 1: [0, 1, 2, 3], 2: [0], 3: [0, 1, 2, 8], 4: [0, 3], 5: [0], 6: [0], 7: [0], 8: [0], 9: [0], 10: [0], 11: [0]}",22,0.0112,0.0033778691508109084
facebook/dinov2-base,imagenet-1k,"{0: [0, 1, 6], 1: [0, 1, 2, 3], 2: [0], 3: [0, 1], 4: [0], 5: [0], 6: [0], 7: [0], 8: [0], 9: [0], 10: [0], 11: [0]}",18,0.011066666666666667,0.003924708057083143
facebook/dinov2-base,imagenet-1k,"{0: [0], 1: [0, 1, 2], 2: [0], 3: [0, 1], 4: [0], 5: [0], 6: [0], 7: [0], 8: [0], 9: [0], 10: [0], 11: [0]}",15,0.011233333333333333,0.004352393977265079
facebook/dinov2-base,imagenet-1k,"{0: [0], 1: [0], 2: [0], 3: [0, 2], 4: [0], 5: [0], 6: [0], 7: [0], 8: [0], 9: [0], 10: [0], 11: [0]}",13,0.0112,0.003686461718233352
facebook/dinov2-base,imagenet-1k,{},144,0.7418,0.0007549834435271022
facebook/dinov2-base,mnist,"{0: [0, 1, 2, 3, 5, 6, 7, 8, 9, 11], 1: [0, 1, 2, 3, 4, 5, 8, 10, 11], 2: [0, 2, 4, 7, 8, 9, 10], 3: [0, 1, 2, 3, 4, 5, 6, 7, 8, 11], 4: [0, 1, 2, 3, 4, 5, 6, 7, 8, 9], 5: [0, 1, 2, 3, 4, 5, 6, 7, 8, 10, 11], 6: [0, 1, 3, 4, 5, 6, 7], 7: [0, 1, 2, 3, 4, 6, 7, 9, 10, 11], 8: [0, 1, 2, 3, 4, 5, 7, 8, 9], 9: [0, 1, 2, 4, 5, 7, 9, 10], 10: [0, 3, 7, 10, 11], 11: [0, 2, 5, 6]}",100,0.9706666666666667,0.003873413653785699
facebook/dinov2-base,mnist,"{0: [0, 1, 2, 3, 7, 8, 9, 10, 11], 1: [0, 1, 2, 3, 4, 5, 10, 11], 2: [0, 2, 7, 8, 9], 3: [0, 1, 2, 3, 5, 6, 7, 8], 4: [0, 1, 2, 3, 4, 6, 7, 8], 5: [0, 2, 3, 4, 5, 6, 7, 9, 10], 6: [0, 1, 4, 5], 7: [0, 1, 2, 3, 4, 6, 9, 11], 8: [0, 1, 2, 3, 4, 7, 8, 9], 9: [0, 1, 3], 10: [0], 11: [0, 3, 6]}",74,0.8733,0.027430457524438002
facebook/dinov2-base,mnist,"{0: [0, 1, 2, 3, 8, 9, 10], 1: [0, 1, 2, 3, 4, 5, 10, 11], 2: [0, 2, 8, 9], 3: [0, 1, 2, 3, 5, 6, 8], 4: [0, 1, 2, 3, 4, 6, 7, 8], 5: [0, 2, 3, 4, 5, 10], 6: [0, 1, 5], 7: [0, 2, 3, 4, 6, 9], 8: [0, 1, 2, 4, 7, 9], 9: [0, 1, 4, 7], 10: [0], 11: [0, 6]}",62,0.8915666666666667,0.00757979771058121
facebook/dinov2-base,mnist,"{0: [0, 1, 2, 7, 8, 9], 1: [0, 1, 2, 3, 4, 5, 10, 11], 2: [0, 2, 8], 3: [0, 1, 2, 3, 8], 4: [0, 1, 2, 3, 4, 6, 7, 10], 5: [0, 3, 4, 5, 10], 6: [0, 1, 5], 7: [0, 3, 4, 6, 10], 8: [0, 2, 4, 7, 9], 9: [0, 1], 10: [0], 11: [0]}",52,0.717,0.06120955807714998
facebook/dinov2-base,mnist,"{0: [0, 1, 2], 1: [0, 1, 2, 3, 10], 2: [0, 2], 3: [0, 1, 2, 3, 8], 4: [0, 1, 2, 3, 4, 6, 7], 5: [0], 6: [0], 7: [0, 4], 8: [0], 9: [0], 10: [0], 11: [0]}",30,0.4533666666666667,0.0372760423507289
facebook/dinov2-base,mnist,"{0: [0, 1, 2], 1: [0, 1, 2, 3, 10], 2: [0, 2], 3: [0, 1, 2, 3, 8], 4: [0, 1, 2, 3, 6, 7], 5: [0], 6: [0], 7: [0, 4], 8: [0], 9: [0], 10: [0], 11: [0]}",29,0.46013333333333334,0.03338327924775116
facebook/dinov2-base,mnist,"{0: [0, 1, 2], 1: [0, 1, 2, 3, 4, 5, 11], 2: [0, 2, 8], 3: [0, 1, 2, 3, 8], 4: [0, 1, 2, 3, 4, 6, 7], 5: [0, 3, 4, 5], 6: [0, 1, 5], 7: [0, 3, 4, 6], 8: [0], 9: [0], 10: [0], 11: [0]}",40,0.48206666666666664,0.043205362321514375
facebook/dinov2-base,mnist,"{0: [0, 1, 2], 1: [0, 1, 2, 3, 4], 2: [0, 2], 3: [0, 1, 2, 3, 8], 4: [0, 1, 2, 3, 4, 6, 7], 5: [0, 3], 6: [0, 1, 5], 7: [0, 3, 4, 6], 8: [0], 9: [0], 10: [0], 11: [0]}",35,0.48943333333333333,0.029698877644337533
facebook/dinov2-base,mnist,"{0: [0, 1, 2], 1: [0, 1, 2, 3, 4], 2: [0, 2], 3: [0, 1, 2, 3, 8], 4: [0, 1, 2, 3, 4, 6, 7], 5: [0], 6: [0, 1, 5], 7: [0, 4], 8: [0], 9: [0], 10: [0], 11: [0]}",32,0.4658333333333333,0.030823421830376535
facebook/dinov2-base,mnist,"{0: [0, 2], 1: [0, 1, 2, 3, 10], 2: [0, 2], 3: [0, 1, 2, 3, 8], 4: [0, 1, 2, 3, 7], 5: [0], 6: [0], 7: [0], 8: [0], 9: [0], 10: [0], 11: [0]}",26,0.46103333333333335,0.02513450483565041
facebook/dinov2-base,mnist,"{0: [0, 2], 1: [0, 1, 2, 3], 2: [0, 2], 3: [0, 1, 2, 3, 8], 4: [0, 1, 2, 3, 7], 5: [0], 6: [0], 7: [0], 8: [0], 9: [0], 10: [0], 11: [0]}",25,0.46290000000000003,0.022951470541122187
facebook/dinov2-base,mnist,"{0: [0], 1: [0, 1, 2, 3], 2: [0, 2], 3: [0, 1, 2, 3, 8], 4: [0, 1, 3, 7], 5: [0], 6: [0], 7: [0], 8: [0], 9: [0], 10: [0], 11: [0]}",23,0.4598333333333333,0.027302808158380577
facebook/dinov2-base,mnist,"{0: [0], 1: [0, 1, 2, 3], 2: [0, 2], 3: [0, 1, 2, 8], 4: [0, 3, 4], 5: [0], 6: [0], 7: [0], 8: [0], 9: [0], 10: [0], 11: [0]}",21,0.45730000000000004,0.030005166221835862
facebook/dinov2-base,mnist,"{0: [0], 1: [0, 1, 2, 3], 2: [0, 2], 3: [0, 1, 2, 8], 4: [0, 3, 7], 5: [0], 6: [0], 7: [0], 8: [0], 9: [0], 10: [0], 11: [0]}",21,0.4580666666666667,0.02930688201316089
facebook/dinov2-base,mnist,"{0: [0], 1: [0, 1, 2, 3], 2: [0], 3: [0, 1], 4: [0], 5: [0], 6: [0], 7: [0], 8: [0], 9: [0], 10: [0], 11: [0]}",16,0.4506333333333334,0.019956536105580378
facebook/dinov2-base,mnist,"{0: [0], 1: [0, 1, 2], 2: [0], 3: [0, 1], 4: [0], 5: [0], 6: [0], 7: [0], 8: [0], 9: [0], 10: [0], 11: [0]}",15,0.4504333333333333,0.021288807701074615
facebook/dinov2-base,mnist,"{0: [0], 1: [0, 4], 2: [0], 3: [0, 2], 4: [0], 5: [0], 6: [0], 7: [0], 8: [0], 9: [0], 10: [0], 11: [0]}",14,0.441,0.030520648748019776
facebook/dinov2-base,mnist,"{1: [0, 1, 2, 3, 4, 5, 6, 8, 9, 10, 11], 2: [0, 1, 2, 3, 4, 5, 6, 7, 8, 9, 10], 11: [0, 1, 2, 3, 5, 6, 7, 8, 9, 10, 11]}",141,0.9726333333333333,0.0043661577311559846
facebook/dinov2-base,mnist,"{1: [0, 1, 2, 3, 4, 5, 7, 8, 9, 10, 11], 2: [0, 1, 2, 3, 4, 5, 6, 7, 8, 9, 10], 3: [0, 1, 2, 3, 4, 5, 6, 7, 8, 10, 11], 6: [0, 1, 2, 3, 4, 5, 6, 7, 11], 7: [0, 1, 2, 3, 4, 5, 6, 7, 9, 10, 11], 10: [0, 1, 2, 3, 4, 5, 6, 7, 9, 10, 11], 11: [0, 1, 3, 5, 6]}",129,0.9747333333333333,0.004045161719058085
facebook/dinov2-base,mnist,{},144,0.9687333333333333,0.005965176722724455
google/vit-large-patch16-224,cifar100,"{0: [0, 1, 2, 3, 4, 5, 6, 8, 9, 10, 11, 12, 14, 15], 20: [0, 1, 2, 3, 4, 5, 6, 7, 8, 9, 10, 11, 12, 13, 15], 21: [0, 1, 2, 3, 4, 5, 6, 7, 8, 9, 11, 12, 13, 14, 15], 22: [0, 1, 2, 5, 6, 7, 8, 10, 13, 14]}",374,0.8634333333333334,0.0026312227829154104
google/vit-large-patch16-224,cifar100,"{0: [0, 1, 2, 3, 4, 5, 6, 8, 9, 10, 15], 5: [0, 1, 2, 3, 4, 5, 6, 7, 8, 9, 10, 11, 13, 14, 15], 14: [0, 1, 2, 3, 4, 5, 7, 8, 9, 10, 11, 12, 13, 14, 15], 15: [0, 1, 2, 4, 5, 6, 8, 9, 10, 11, 12, 13, 14, 15], 16: [0, 1, 2, 3, 4, 5, 6, 7, 8, 9, 10, 11, 12, 13, 15], 17: [0, 1, 2, 3, 6, 7, 8, 10, 12, 14, 15], 18: [0, 2, 3, 7, 9, 14], 19: [0, 6, 8, 13, 14, 15], 20: [0], 21: [0, 13], 22: [0, 5], 23: [0, 2, 6, 7, 10, 11, 13, 14, 15]}",299,0.8426333333333332,0.0027537852736430803
google/vit-large-patch16-224,cifar100,"{0: [0, 1, 2, 3, 4, 5, 6, 8, 9, 15], 1: [0, 1, 2, 3, 4, 5, 7, 8, 9, 10, 11, 12, 13, 14, 15], 2: [0, 1, 2, 3, 4, 5, 6, 8, 9, 10, 11, 12, 13, 14, 15], 5: [0, 1, 2, 3, 4, 5, 6, 7, 8, 9, 10, 11, 13, 14, 15], 7: [0, 1, 2, 3, 4, 5, 6, 7, 8, 9, 10, 11, 12, 13, 14], 8: [0, 1, 2, 3, 4, 5, 6, 7, 8, 9, 10, 11, 12, 13, 14], 11: [0, 1, 2, 3, 4, 6, 7, 8, 9, 10, 11, 12, 15], 12: [0, 1, 2, 3, 4, 5, 6, 7, 8, 9, 11, 12, 14], 13: [0, 1, 2, 5, 8, 10, 11, 13, 15], 14: [0, 1, 5, 7, 8, 9, 10, 11, 12, 13], 15: [0, 1, 6, 9], 16: [0, 5, 6, 10, 15], 17: [0, 1, 7], 18: [0], 19: [0], 20: [0], 21: [0], 22: [0], 23: [0, 2, 10, 11, 13, 14]}",233,0.7908666666666667,0.012333018013987231
google/vit-large-patch16-224,cifar100,"{0: [0, 1, 2, 3, 4, 5, 6, 9, 15], 1: [0, 1, 3, 5, 7, 8, 9, 10, 11, 12, 13], 2: [0, 1, 2, 3, 4, 5, 6, 8, 10, 11, 12, 13, 14], 4: [0, 1, 2, 3, 4, 5, 6, 7, 8, 9, 10, 11, 13, 14], 5: [0, 1, 2, 4, 5, 6, 7, 8, 9, 10, 11, 13, 15], 6: [0, 1, 2, 3, 4, 5, 6, 7, 8, 10, 11, 12, 14, 15], 7: [0, 1, 2, 3, 4, 5, 6, 7, 9, 10, 11, 12, 13, 14], 8: [0, 1, 2, 3, 4, 5, 6, 7, 8, 9, 10, 11, 12, 13], 9: [0, 1, 2, 3, 4, 6, 7, 8, 9, 12, 14, 15], 10: [0, 2, 3, 4, 5, 8, 9, 10, 11, 12, 13, 14, 15], 11: [0, 1, 2, 3, 7, 9, 10, 15], 12: [0, 3, 6, 9], 13: [0, 1, 13, 15], 14: [0, 5], 15: [0], 16: [0], 17: [0, 1], 18: [0], 19: [0], 20: [0], 21: [0], 22: [0], 23: [0, 3, 13, 14]}",174,0.6855333333333333,0.008592050589546927
google/vit-large-patch16-224,cifar100,"{0: [0, 1, 3, 4, 5, 6, 9, 15], 1: [0, 1, 3, 7, 8, 9, 10, 11, 12, 13], 2: [0, 1, 2, 3, 5, 6, 8, 9, 10, 11, 12, 13, 15], 3: [0, 1, 2, 3, 5, 7, 8, 9, 10, 13, 14, 15], 4: [0, 1, 2, 3, 4, 5, 6, 7, 9, 11, 14], 5: [0, 1, 2, 4, 5, 6, 7, 8, 10, 11, 13, 15], 6: [0, 1, 2, 3, 4, 5, 6, 7, 8, 10, 11, 14, 15], 7: [0, 1, 3, 6, 7, 9, 10, 11, 12, 13], 8: [0, 1, 2, 3, 5, 6, 7, 8, 10, 11, 12, 13], 9: [0, 1, 2, 3, 4, 6, 8, 12, 14], 10: [0, 2, 3, 4, 5, 8, 9, 10], 11: [0, 1, 2, 7], 12: [0, 6], 13: [0, 15], 14: [0], 15: [0], 16: [0], 17: [0], 18: [0], 19: [0], 20: [0], 21: [0], 22: [0], 23: [0, 6]}",137,0.6176,0.0028618176042508607
google/vit-large-patch16-224,cifar100,"{0: [0, 1, 4, 5, 9, 11], 1: [0, 1, 3, 7, 8], 2: [0, 1, 2, 3, 5, 8, 11, 15], 3: [0, 1, 2, 3, 5, 7, 8, 14, 15], 4: [0, 1, 2, 3, 4, 5, 6, 7, 11, 13, 14], 5: [0, 1, 2, 4, 6, 7, 11, 13, 15], 6: [0, 1, 5, 6, 10, 11, 14, 15], 7: [0, 3, 4, 7, 9], 8: [0, 2, 5, 6, 9, 11], 9: [0, 1, 6], 10: [0, 2, 3, 4, 8], 11: [0, 2, 5], 12: [0], 13: [0], 14: [0], 15: [0], 16: [0], 17: [0], 18: [0], 19: [0], 20: [0], 21: [0], 22: [0], 23: [0]}",90,0.4680333333333333,0.0017097758137642925
google/vit-large-patch16-224,cifar100,"{0: [0, 1, 5, 9], 1: [0, 1, 4, 7, 8, 10], 2: [0, 1, 3, 5, 8, 11], 3: [0, 1, 3, 7, 10, 14], 4: [0, 2, 3, 4, 5, 6, 7, 13], 5: [0, 1, 2, 4, 9, 13, 15], 6: [0, 1, 10, 11, 14, 15], 7: [0, 3, 7, 12], 8: [0, 6, 8], 9: [0, 1], 10: [0, 3, 4, 8], 11: [0], 12: [0], 13: [0], 14: [0], 15: [0], 16: [0], 17: [0], 18: [0], 19: [0], 20: [0], 21: [0], 22: [0], 23: [0]}",69,0.39873333333333333,0.0041016256939576095
google/vit-large-patch16-224,cifar100,"{0: [0, 1, 5], 1: [0, 1, 4, 7, 10], 2: [0, 1, 3, 5, 10, 11], 3: [0, 7, 8, 14], 4: [0, 2, 3, 4, 7], 5: [0, 1, 2, 4, 13], 6: [0, 10, 12, 14], 7: [0, 3, 7], 8: [0, 6, 8], 9: [0, 4], 10: [0, 8, 15], 11: [0], 12: [0], 13: [0], 14: [0], 15: [0], 16: [0], 17: [0], 18: [0], 19: [0], 20: [0], 21: [0], 22: [0], 23: [0]}",56,0.2986666666666667,0.0033650160970392856
google/vit-large-patch16-224,cifar100,"{0: [0, 4, 5, 9], 1: [0, 1, 7, 10], 2: [0, 1, 3, 11], 3: [0, 7, 8, 14], 4: [0, 2, 3, 4], 5: [0, 1, 2, 4, 13], 6: [0, 14], 7: [0, 3], 8: [0, 6], 9: [0, 4], 10: [0], 11: [0], 12: [0], 13: [0], 14: [0], 15: [0], 16: [0], 17: [0], 18: [0], 19: [0], 20: [0], 21: [0], 22: [0], 23: [0]}",47,0.27373333333333333,0.006425988899253837
google/vit-large-patch16-224,cifar100,"{0: [0, 5, 8], 1: [0, 1, 7, 10], 2: [0, 1, 3, 11], 3: [0, 7, 14], 4: [0, 2, 3], 5: [0, 1, 2], 6: [0], 7: [0], 8: [0], 9: [0], 10: [0], 11: [0], 12: [0], 13: [0], 14: [0], 15: [0], 16: [0], 17: [0], 18: [0], 19: [0], 20: [0], 21: [0], 22: [0], 23: [0]}",38,0.29563333333333336,0.004252450274057693
google/vit-large-patch16-224,cifar100,"{0: [0, 5, 9], 1: [0, 1, 7, 10], 2: [0, 1, 3, 11], 3: [0, 7, 14], 4: [0, 4], 5: [0], 6: [0], 7: [0], 8: [0], 9: [0], 10: [0], 11: [0], 12: [0], 13: [0], 14: [0], 15: [0], 16: [0], 17: [0], 18: [0], 19: [0], 20: [0], 21: [0], 22: [0], 23: [0]}",35,0.2880666666666667,0.003728717384481346
google/vit-large-patch16-224,cifar100,"{0: [0, 5], 1: [0, 1, 7], 2: [0, 1, 3, 11], 3: [0, 14], 4: [0], 5: [0], 6: [0], 7: [0], 8: [0], 9: [0], 10: [0], 11: [0], 12: [0], 13: [0], 14: [0], 15: [0], 16: [0], 17: [0], 18: [0], 19: [0], 20: [0], 21: [0], 22: [0], 23: [0]}",31,0.2625,0.010737318100903958
google/vit-large-patch16-224,cifar100,"{0: [0, 5], 1: [0, 1, 7], 2: [0, 1, 3, 11], 3: [0, 7, 14], 4: [0, 4], 5: [0], 6: [0], 7: [0], 8: [0], 9: [0], 10: [0], 11: [0], 12: [0], 13: [0], 14: [0], 15: [0], 16: [0], 17: [0], 18: [0], 19: [0], 20: [0], 21: [0], 22: [0], 23: [0]}",33,0.26356666666666667,0.008434650753489028
google/vit-large-patch16-224,cifar100,"{0: [0, 5], 1: [0, 1, 7], 2: [0, 2, 3, 11], 3: [0, 14], 4: [0], 5: [0], 6: [0], 7: [0], 8: [0], 9: [0], 10: [0], 11: [0], 12: [0], 13: [0], 14: [0], 15: [0], 16: [0], 17: [0], 18: [0], 19: [0], 20: [0], 21: [0], 22: [0], 23: [0]}",31,0.26313333333333333,0.008800189391901327
google/vit-large-patch16-224,cifar100,"{0: [0, 5], 1: [0, 1, 7], 2: [0, 3, 5, 11], 3: [0, 14], 4: [0], 5: [0], 6: [0], 7: [0], 8: [0], 9: [0], 10: [0], 11: [0], 12: [0], 13: [0], 14: [0], 15: [0], 16: [0], 17: [0], 18: [0], 19: [0], 20: [0], 21: [0], 22: [0], 23: [0]}",31,0.27573333333333333,0.009383140909809106
google/vit-large-patch16-224,cifar100,"{0: [0], 1: [0, 1, 7], 2: [0, 3, 11], 3: [0], 4: [0], 5: [0], 6: [0], 7: [0], 8: [0], 9: [0], 10: [0], 11: [0], 12: [0], 13: [0], 14: [0], 15: [0], 16: [0], 17: [0], 18: [0], 19: [0], 20: [0], 21: [0], 22: [0], 23: [0]}",28,0.2618,0.007092954250522139
google/vit-large-patch16-224,cifar100,"{0: [0], 1: [0], 2: [0], 3: [0], 4: [0], 5: [0], 6: [0], 7: [0], 8: [0], 9: [0], 10: [0], 11: [0], 12: [0], 13: [0], 14: [0], 15: [0], 16: [0], 17: [0], 18: [0], 19: [0], 20: [0], 21: [0], 22: [0], 23: [0]}",24,0.2616,0.005121523210920722
google/vit-large-patch16-224,cifar100,{},384,0.8637333333333334,0.002514623895005656
google/vit-large-patch16-224,imagenet-1k,"{0: [0, 1, 2, 3, 4, 5, 6, 7, 8, 9, 10, 11, 12, 15], 3: [0, 1, 2, 3, 5, 6, 7, 8, 9, 10, 11, 12, 13, 14, 15], 4: [0, 1, 2, 3, 4, 5, 6, 7, 8, 9, 10, 11, 13, 14, 15], 5: [0, 1, 2, 3, 4, 5, 6, 7, 8, 9, 10, 11, 13, 14, 15], 7: [0, 1, 2, 3, 4, 5, 6, 7, 8, 9, 10, 11, 12, 13, 14], 8: [0, 1, 2, 3, 4, 5, 6, 7, 8, 9, 10, 11, 12, 13, 14], 11: [0, 1, 2, 3, 4, 5, 6, 7, 8, 9, 10, 11, 12, 13, 15], 13: [0, 1, 2, 3, 4, 5, 6, 7, 8, 10, 11, 12, 13, 14, 15], 14: [0, 1, 2, 3, 4, 5, 7, 8, 9, 10, 11, 12, 13, 14, 15], 15: [0, 1, 2, 3, 4, 5, 6, 8, 9, 10, 11, 12, 13, 14, 15], 16: [0, 1, 2, 3, 4, 5, 6, 8, 9, 10, 11, 12, 13, 15], 17: [0, 1, 2, 3, 6, 8, 10, 15], 18: [0, 2, 3], 19: [0, 6, 8], 20: [0], 21: [0], 22: [0], 23: [0, 6, 11, 13]}",280,0.6865333333333333,0.000929157324317769
google/vit-large-patch16-224,imagenet-1k,"{0: [0, 1, 2, 3, 4, 5, 6, 7, 9, 15], 1: [0, 1, 3, 5, 6, 7, 8, 9, 10, 11, 12, 13, 14, 15], 2: [0, 1, 2, 3, 4, 6, 8, 10, 11, 12, 13, 14, 15], 3: [0, 1, 2, 3, 5, 7, 8, 9, 10, 11, 12, 14, 15], 4: [0, 1, 2, 3, 4, 5, 7, 9, 10, 11, 13, 14, 15], 5: [0, 1, 2, 4, 5, 6, 7, 8, 9, 10, 11, 13, 15], 6: [0, 1, 2, 3, 4, 5, 6, 7, 8, 10, 11, 12, 14, 15], 7: [0, 1, 2, 3, 4, 5, 6, 7, 9, 10, 11, 12, 13, 14], 8: [0, 1, 2, 3, 4, 5, 6, 7, 8, 9, 10, 11, 12, 13], 9: [0, 1, 2, 3, 4, 5, 6, 7, 8, 9, 12, 13, 14, 15], 10: [0, 1, 2, 3, 4, 5, 7, 8, 9, 10, 11, 12, 13, 14, 15], 11: [0, 1, 2, 3, 4, 5, 6, 7, 9, 10, 11, 12], 12: [0, 2, 3, 4, 5, 6, 7, 8, 9, 12, 14], 13: [0, 1, 2, 11, 13, 15], 14: [0, 1, 5, 8, 10, 13], 15: [0, 6, 9], 16: [0, 5, 10], 17: [0, 1], 18: [0], 19: [0], 20: [0], 21: [0], 22: [0], 23: [0, 10, 11, 13]}",199,0.5111666666666667,0.005257692776621063
google/vit-large-patch16-224,imagenet-1k,"{0: [0, 1, 3, 4, 5, 6, 7, 9, 15], 1: [0, 1, 3, 6, 7, 8, 10, 11, 12], 2: [0, 1, 2, 3, 5, 6, 8, 11, 13], 3: [0, 1, 2, 3, 5, 7, 8, 14, 15], 4: [0, 1, 2, 3, 4, 5, 7, 11, 12, 13, 14], 5: [0, 1, 2, 4, 5, 6, 7, 8, 10, 11, 13, 15], 6: [0, 1, 3, 4, 5, 6, 7, 8, 10, 11, 14, 15], 7: [0, 1, 2, 3, 5, 7, 9, 10, 11, 12, 13], 8: [0, 1, 2, 3, 4, 5, 6, 8, 9, 10, 11, 13], 9: [0, 1, 2, 3, 4, 6, 7, 8, 9, 14, 15], 10: [0, 1, 2, 3, 4, 5, 8, 9, 10, 13, 15], 11: [0, 1, 2, 3, 7, 9], 12: [0, 6, 9, 14], 13: [0, 1, 11], 14: [0, 5], 15: [0], 16: [0], 17: [0], 18: [0], 19: [0], 20: [0], 21: [0], 22: [0], 23: [0]}",140,0.3425,0.0019078784028338884
google/vit-large-patch16-224,imagenet-1k,"{0: [0, 1, 4, 5, 7, 9, 11], 1: [0, 1, 3, 6, 7, 9], 2: [0, 1, 2, 3, 5, 8, 11], 3: [0, 1, 2, 5, 7, 14], 4: [0, 1, 2, 3, 4, 5, 7, 11, 13], 5: [0, 1, 2, 4, 5, 6, 7, 13, 15], 6: [0, 1, 6, 7, 8, 10, 14, 15], 7: [0, 3, 4, 7, 9], 8: [0, 2, 5, 6, 9, 10, 11], 9: [0, 1, 4, 8], 10: [0, 2, 3, 4, 8, 9], 11: [0, 1, 2], 12: [0], 13: [0, 4], 14: [0], 15: [0], 16: [0], 17: [0], 18: [0], 19: [0], 20: [0], 21: [0], 22: [0], 23: [0]}",90,0.11620000000000001,0.002605762844159079
google/vit-large-patch16-224,imagenet-1k,"{0: [0, 1, 5, 7, 9], 1: [0, 1, 3, 7, 9], 2: [0, 1, 2, 3, 10, 11], 3: [0, 7, 8, 14], 4: [0, 2, 3, 4, 5], 5: [0, 1, 2, 4, 7, 9, 13], 6: [0, 1, 10, 11, 14], 7: [0, 3, 7], 8: [0, 6, 8, 9], 9: [0, 1, 6], 10: [0, 2, 3, 4, 8], 11: [0, 1], 12: [0], 13: [0], 14: [0], 15: [0], 16: [0], 17: [0], 18: [0], 19: [0], 20: [0], 21: [0], 22: [0], 23: [0]}",66,0.07253333333333334,0.0005686240703077298
google/vit-large-patch16-224,imagenet-1k,"{0: [0, 1, 5, 7], 1: [0, 1, 7, 10], 2: [0, 1, 2, 3, 11], 3: [0, 7, 8, 14], 4: [0, 2, 3, 4], 5: [0, 1, 2, 4, 9, 13], 6: [0, 1, 10, 14], 7: [0, 3, 7], 8: [0, 6, 8], 9: [0, 4], 10: [0, 3, 8], 11: [0, 10], 12: [0], 13: [0], 14: [0], 15: [0], 16: [0], 17: [0], 18: [0], 19: [0], 20: [0], 21: [0], 22: [0], 23: [0]}",56,0.059533333333333334,0.0019218047073866105
google/vit-large-patch16-224,imagenet-1k,"{0: [0, 5, 15], 1: [0, 1, 7, 10], 2: [0, 1, 3, 11], 3: [0, 7, 14], 4: [0, 4], 5: [0, 2], 6: [0], 7: [0], 8: [0], 9: [0], 10: [0], 11: [0], 12: [0], 13: [0], 14: [0], 15: [0], 16: [0], 17: [0], 18: [0], 19: [0], 20: [0], 21: [0], 22: [0], 23: [0]}",36,0.06799999999999999,0.004592385001282012
google/vit-large-patch16-224,imagenet-1k,"{0: [0, 5, 15], 1: [0, 1, 7], 2: [0, 1, 3, 11], 3: [0, 7, 14], 4: [0, 4], 5: [0], 6: [0], 7: [0], 8: [0], 9: [0], 10: [0], 11: [0], 12: [0], 13: [0], 14: [0], 15: [0], 16: [0], 17: [0], 18: [0], 19: [0], 20: [0], 21: [0], 22: [0], 23: [0]}",34,0.06353333333333333,0.002173323108360407
google/vit-large-patch16-224,imagenet-1k,"{0: [0, 5, 8, 9], 1: [0, 1, 7, 10], 2: [0, 1, 2, 3, 11], 3: [0, 7, 14], 4: [0, 2, 3], 5: [0, 1, 2, 4], 6: [0], 7: [0, 3], 8: [0, 6], 9: [0, 4], 10: [0, 8, 15], 11: [0], 12: [0], 13: [0], 14: [0], 15: [0], 16: [0], 17: [0], 18: [0], 19: [0], 20: [0], 21: [0], 22: [0], 23: [0]}",46,0.057466666666666666,0.0022941955743426344
google/vit-large-patch16-224,imagenet-1k,"{0: [0, 5, 8], 1: [0, 1, 7, 10], 2: [0, 1, 2, 3, 11], 3: [0, 7, 14], 4: [0, 2, 3], 5: [0, 1, 2, 4], 6: [0], 7: [0], 8: [0], 9: [0], 10: [0], 11: [0], 12: [0], 13: [0], 14: [0], 15: [0], 16: [0], 17: [0], 18: [0], 19: [0], 20: [0], 21: [0], 22: [0], 23: [0]}",40,0.059566666666666664,0.0017243356208503416
google/vit-large-patch16-224,imagenet-1k,"{0: [0, 5], 1: [0, 1, 7], 2: [0, 1, 3, 11], 3: [0, 7, 14], 4: [0, 4], 5: [0], 6: [0], 7: [0], 8: [0], 9: [0], 10: [0], 11: [0], 12: [0], 13: [0], 14: [0], 15: [0], 16: [0], 17: [0], 18: [0], 19: [0], 20: [0], 21: [0], 22: [0], 23: [0]}",33,0.054400000000000004,0.0006244997998398407
google/vit-large-patch16-224,imagenet-1k,"{0: [0, 5], 1: [0, 1, 7], 2: [0, 2, 3, 11], 3: [0, 14], 4: [0], 5: [0], 6: [0], 7: [0], 8: [0], 9: [0], 10: [0], 11: [0], 12: [0], 13: [0], 14: [0], 15: [0], 16: [0], 17: [0], 18: [0], 19: [0], 20: [0], 21: [0], 22: [0], 23: [0]}",31,0.05503333333333333,0.0008504900548115399
google/vit-large-patch16-224,imagenet-1k,"{0: [0, 5], 1: [0, 1, 7], 2: [0, 3, 11], 3: [0], 4: [0], 5: [0], 6: [0], 7: [0], 8: [0], 9: [0], 10: [0], 11: [0], 12: [0], 13: [0], 14: [0], 15: [0], 16: [0], 17: [0], 18: [0], 19: [0], 20: [0], 21: [0], 22: [0], 23: [0]}",29,0.05676666666666667,0.0011676186592091316
google/vit-large-patch16-224,imagenet-1k,"{0: [0], 1: [0], 2: [0], 3: [0], 4: [0], 5: [0], 6: [0], 7: [0], 8: [0], 9: [0], 10: [0], 11: [0], 12: [0], 13: [0], 14: [0], 15: [0], 16: [0], 17: [0], 18: [0], 19: [0], 20: [0], 21: [0], 22: [0], 23: [0]}",24,0.05723333333333333,0.0020207259421636922
google/vit-large-patch16-224,imagenet-1k,"{22: [0, 1, 2, 3, 5, 6, 7, 8, 10, 11, 12, 13, 14, 15]}",382,0.7868333333333334,0.004441095960833705
google/vit-large-patch16-224,imagenet-1k,"{3: [0, 1, 2, 3, 4, 5, 7, 8, 9, 10, 11, 12, 13, 14, 15], 14: [0, 1, 2, 3, 4, 5, 7, 8, 9, 10, 11, 12, 13, 14, 15], 19: [0, 1, 2, 4, 5, 7, 8, 9, 10, 11, 12, 13, 14, 15], 20: [0, 1, 4, 5, 6, 8, 11, 12, 13], 21: [0, 1, 13], 22: [0, 6, 13], 23: [0, 2, 6, 11, 13]}",336,0.7559,0.002271563338320129
google/vit-large-patch16-224,imagenet-1k,{},384,0.7846000000000001,0.0014933184523067734
google/vit-large-patch16-224,mnist,"{0: [0, 1, 2, 3, 4, 5, 6, 7, 8, 9, 10, 11, 12, 14, 15]}",383,0.9715333333333334,0.0024542480178932954
google/vit-large-patch16-224,mnist,"{0: [0, 1, 5, 6, 14, 15], 1: [0, 1, 3, 4, 7, 8, 9, 10, 11, 12, 15], 2: [0, 1, 2, 3, 4, 5, 6, 7, 8, 10, 11, 13, 15], 3: [0, 1, 2, 3, 4, 5, 7, 8, 9, 11, 14, 15], 4: [0, 1, 2, 3, 4, 5, 6, 7, 9, 10, 11, 12], 5: [0, 1, 2, 3, 4, 5, 6, 7, 8, 9, 10, 11, 13, 14, 15], 6: [0, 1, 2, 3, 4, 5, 6, 7, 8, 10, 11, 14, 15], 7: [0, 1, 3, 4, 5, 6, 7, 9, 10, 12, 13, 14, 15], 8: [0, 1, 2, 3, 4, 5, 6, 8, 10, 11, 12, 13, 15], 9: [0, 1, 2, 3, 5, 7, 12], 10: [0, 2, 3, 4, 5, 7, 8, 10, 11, 12, 13, 14, 15], 11: [0, 1, 2, 4, 7, 10, 15], 12: [0, 3, 5, 6, 7, 8, 9, 11, 13, 14], 13: [0, 1, 3, 8, 13, 15], 14: [0, 1, 5, 8, 10, 12], 15: [0, 1, 5, 6, 9], 16: [0, 3, 6, 10, 11], 17: [0, 1, 6], 18: [0, 2], 19: [0], 20: [0, 11], 21: [0, 13], 22: [0, 4, 6], 23: [0, 1, 2, 9, 10, 11, 13, 14, 15]}",189,0.9685,0.003716180835212377
google/vit-large-patch16-224,mnist,"{0: [0, 1, 5, 6, 7, 8, 14, 15], 1: [0, 1, 3, 4, 6, 7, 8, 9, 10, 11, 12, 13, 14, 15], 3: [0, 1, 2, 3, 4, 5, 7, 8, 9, 10, 11, 12, 13, 14, 15], 7: [0, 1, 2, 3, 4, 5, 6, 7, 8, 9, 10, 11, 12, 13, 14], 9: [0, 1, 2, 3, 4, 5, 6, 7, 8, 9, 11, 12, 14, 15], 10: [0, 1, 2, 3, 4, 5, 6, 8, 10, 11, 12, 13, 14, 15], 11: [0, 1, 2, 3, 4, 5, 6, 7, 8, 9, 10, 12, 13, 15], 13: [0, 1, 2, 3, 4, 8, 9, 10, 11, 13, 15], 14: [0, 1, 2, 3, 4, 5, 7, 8, 9, 10, 12, 14, 15], 15: [0, 1, 3, 5, 6, 9, 10, 12, 13, 14], 16: [0, 1, 3, 6, 10, 11, 14, 15], 17: [0, 1, 6, 7, 10, 12, 15], 18: [0, 2, 3, 5, 8, 13], 19: [0, 2, 5, 6], 20: [0, 5, 10, 11, 13], 21: [0, 1, 5, 13], 22: [0, 1, 4, 6, 8, 11], 23: [0, 1, 2, 3, 4, 5, 6, 7, 8, 9, 10, 11, 13, 14, 15]}",279,0.9735666666666667,0.0024419937209856643
google/vit-large-patch16-224,mnist,"{0: [0, 5, 15], 1: [0, 1, 7, 10], 2: [0, 1, 3, 7, 11], 3: [0, 3, 7, 14], 4: [0, 4], 5: [0, 1, 6], 6: [0, 14], 7: [0], 8: [0], 9: [0], 10: [0], 11: [0], 12: [0], 13: [0], 14: [0], 15: [0], 16: [0], 17: [0], 18: [0], 19: [0], 20: [0], 21: [0], 22: [0], 23: [0]}",40,0.9030999999999999,0.0011532562594670898
google/vit-large-patch16-224,mnist,"{0: [0, 5, 15], 1: [0, 1, 7, 9], 2: [0, 1, 3, 5, 7, 11], 3: [0, 3, 7, 14], 4: [0, 1, 3], 5: [0, 1, 2, 4, 13], 6: [0, 3, 14], 7: [0], 8: [0], 9: [0], 10: [0, 8], 11: [0], 12: [0], 13: [0], 14: [0], 15: [0], 16: [0], 17: [0], 18: [0], 19: [0], 20: [0], 21: [0], 22: [0], 23: [0]}",46,0.9287,0.0061587336360651255
google/vit-large-patch16-224,mnist,"{0: [0, 5, 6, 15], 1: [0, 1, 3, 7, 8, 10], 2: [0, 1, 2, 3, 4, 5, 11], 3: [0, 2, 3, 7, 8, 14], 4: [0, 1, 3, 4, 5], 5: [0, 1, 2, 4, 5, 8, 9, 13], 6: [0, 1, 6, 10, 14], 7: [0, 3, 7, 12], 8: [0, 2, 5, 6, 12], 9: [0, 4], 10: [0, 2, 3, 8], 11: [0], 12: [0], 13: [0, 6], 14: [0], 15: [0], 16: [0], 17: [0], 18: [0], 19: [0], 20: [0], 21: [0], 22: [0], 23: [0, 2]}",71,0.9484,0.00238956062906965
google/vit-large-patch16-224,mnist,"{0: [0, 5, 6, 15], 1: [0, 1, 3, 7, 8, 9, 10, 11, 12, 15], 2: [0, 1, 2, 3, 4, 5, 7, 10, 11, 15], 3: [0, 2, 3, 5, 7, 9, 14, 15], 4: [0, 1, 2, 3, 4, 5, 6, 7, 10, 12], 5: [0, 1, 2, 3, 4, 6, 8, 9, 10, 13, 14, 15], 6: [0, 1, 3, 5, 6, 7, 10, 11, 14, 15], 7: [0, 1, 3, 5, 6, 7, 9, 10, 12], 8: [0, 1, 2, 3, 4, 5, 6, 8, 10, 11, 12], 9: [0, 1, 3], 10: [0, 2, 3, 4, 8, 10, 12, 13, 15], 11: [0, 2, 4, 5, 7, 15], 12: [0, 3, 5, 6, 7], 13: [0, 1, 13, 15], 14: [0, 8], 15: [0, 9], 16: [0, 11], 17: [0, 1], 18: [0], 19: [0], 20: [0], 21: [0, 13], 22: [0, 6], 23: [0, 2, 10, 11, 13, 14]}",132,0.9686,0.0036055512754640234
google/vit-large-patch16-224,mnist,"{0: [0, 5, 6, 15], 1: [0, 1, 3, 7, 8, 9, 10], 2: [0, 1, 2, 3, 4, 5, 11], 3: [0, 2, 3, 7, 8, 14], 4: [0, 1, 2, 3, 4, 5, 6], 5: [0, 1, 2, 4, 5, 6, 8, 10, 13, 15], 6: [0, 1, 5, 6, 7, 10, 11, 14], 7: [0, 3, 4, 7, 9, 12], 8: [0, 1, 2, 3, 5, 6, 10, 11, 12], 9: [0, 1, 3], 10: [0, 2, 3, 8], 11: [0, 7, 15], 12: [0], 13: [0, 1], 14: [0], 15: [0, 9], 16: [0, 11], 17: [0], 18: [0], 19: [0], 20: [0], 21: [0], 22: [0], 23: [0, 2, 13]}",91,0.9541666666666666,0.0037313983080520404
google/vit-large-patch16-224,mnist,"{0: [0, 5, 6, 15], 1: [0, 1, 3, 7], 2: [0, 1, 3, 5, 7, 11], 3: [0, 3, 7, 14], 4: [0, 1, 3, 4, 5], 5: [0, 1, 2, 4, 6, 8, 13], 6: [0, 3, 6, 10, 14], 7: [0, 3, 7], 8: [0, 2, 6, 8], 9: [0, 12], 10: [0, 3, 8], 11: [0], 12: [0], 13: [0, 10], 14: [0], 15: [0], 16: [0], 17: [0], 18: [0], 19: [0], 20: [0], 21: [0], 22: [0], 23: [0, 6]}",62,0.9091,0.008185352771872458
google/vit-large-patch16-224,mnist,"{0: [0, 5, 6, 15], 1: [0, 1, 4, 7, 10], 2: [0, 1, 3, 5, 7, 11], 3: [0, 3, 7, 14], 4: [0, 1, 3, 4, 11], 5: [0, 1, 2, 4, 10, 13], 6: [0, 3, 10, 14], 7: [0, 3], 8: [0, 2], 9: [0], 10: [0, 8], 11: [0], 12: [0], 13: [0], 14: [0], 15: [0], 16: [0], 17: [0], 18: [0], 19: [0], 20: [0], 21: [0], 22: [0], 23: [0]}",54,0.9105666666666666,0.007225187425481321
google/vit-large-patch16-224,mnist,"{0: [0, 5], 1: [0, 1, 7, 10], 2: [0, 1, 3, 11], 3: [0, 14], 4: [0], 5: [0], 6: [0], 7: [0], 8: [0], 9: [0], 10: [0], 11: [0], 12: [0], 13: [0], 14: [0], 15: [0], 16: [0], 17: [0], 18: [0], 19: [0], 20: [0], 21: [0], 22: [0], 23: [0]}",32,0.86,0.0005291502622129122
google/vit-large-patch16-224,mnist,"{0: [0, 5], 1: [0, 1, 7, 10], 2: [0, 1, 3, 11], 3: [0, 7, 14], 4: [0, 4], 5: [0], 6: [0], 7: [0], 8: [0], 9: [0], 10: [0], 11: [0], 12: [0], 13: [0], 14: [0], 15: [0], 16: [0], 17: [0], 18: [0], 19: [0], 20: [0], 21: [0], 22: [0], 23: [0]}",34,0.6677666666666666,0.01853977705727154
google/vit-large-patch16-224,mnist,"{0: [0, 5], 1: [0, 1, 7, 10], 2: [0, 1, 3, 11], 3: [0, 7, 14], 4: [0], 5: [0], 6: [0], 7: [0], 8: [0], 9: [0], 10: [0], 11: [0], 12: [0], 13: [0], 14: [0], 15: [0], 16: [0], 17: [0], 18: [0], 19: [0], 20: [0], 21: [0], 22: [0], 23: [0]}",33,0.8226333333333334,0.012815745523898853
google/vit-large-patch16-224,mnist,"{0: [0, 5], 1: [0, 1, 7, 10], 2: [0, 1, 3, 7, 11], 3: [0, 7, 14], 4: [0, 4], 5: [0, 1, 6], 6: [0], 7: [0], 8: [0], 9: [0], 10: [0], 11: [0], 12: [0], 13: [0], 14: [0], 15: [0], 16: [0], 17: [0], 18: [0], 19: [0], 20: [0], 21: [0], 22: [0], 23: [0]}",37,0.6872666666666666,0.029425385865496034
google/vit-large-patch16-224,mnist,"{0: [0], 1: [0, 1, 7, 10], 2: [0, 2, 3, 5, 11], 3: [0, 14], 4: [0], 5: [0], 6: [0], 7: [0], 8: [0], 9: [0], 10: [0], 11: [0], 12: [0], 13: [0], 14: [0], 15: [0], 16: [0], 17: [0], 18: [0], 19: [0], 20: [0], 21: [0], 22: [0], 23: [0]}",32,0.8538,0.007621679604916486
google/vit-large-patch16-224,mnist,"{0: [0], 1: [0, 1, 7], 2: [0, 3, 5, 11], 3: [0], 4: [0], 5: [0], 6: [0], 7: [0], 8: [0], 9: [0], 10: [0], 11: [0], 12: [0], 13: [0], 14: [0], 15: [0], 16: [0], 17: [0], 18: [0], 19: [0], 20: [0], 21: [0], 22: [0], 23: [0]}",29,0.8161666666666667,0.0068303245408497075
google/vit-large-patch16-224,mnist,"{0: [0], 1: [0, 1, 7], 2: [0, 3], 3: [0], 4: [0], 5: [0], 6: [0], 7: [0], 8: [0], 9: [0], 10: [0], 11: [0], 12: [0], 13: [0], 14: [0], 15: [0], 16: [0], 17: [0], 18: [0], 19: [0], 20: [0], 21: [0], 22: [0], 23: [0]}",27,0.8285333333333332,0.014424400623018462
google/vit-large-patch16-224,mnist,{},384,0.9703333333333334,0.0025166114784236004
