seed,dataset,model,optimizer,lr,classifier,translator,batch_size,num_epochs,approx_layer,mlp_linearize,attn_linearize,head_dict,mlp_mode,attn_mode,num_layers,original_accuracy,accuracy,delta_acc,num_samples
1,mnist,facebook/deit-small-patch16-224,Adam,0.01,Linear,identity,256,5,[],[],[],"{0: [0], 1: [0], 2: [0], 3: [0, 4], 4: [0], 5: [0], 6: [0], 7: [0], 8: [0, 1], 9: [0], 10: [0], 11: [0]}",identity,identity,0,0.0,0.8263,0.0,500
2,mnist,facebook/deit-small-patch16-224,Adam,0.01,Linear,identity,256,5,[],[],[],"{0: [0], 1: [0], 2: [0], 3: [0, 4], 4: [0], 5: [0], 6: [0], 7: [0], 8: [0, 1], 9: [0], 10: [0], 11: [0]}",identity,identity,0,0.0,0.8134,0.0,500
3,mnist,facebook/deit-small-patch16-224,Adam,0.01,Linear,identity,256,5,[],[],[],"{0: [0], 1: [0], 2: [0], 3: [0, 4], 4: [0], 5: [0], 6: [0], 7: [0], 8: [0, 1], 9: [0], 10: [0], 11: [0]}",identity,identity,0,0.0,0.8241,0.0,500
1,mnist,facebook/deit-small-patch16-224,Adam,0.01,Linear,identity,256,5,[],[],[],"{0: [0], 1: [0, 3], 2: [0], 3: [0, 4], 4: [0], 5: [0], 6: [0], 7: [0], 8: [0, 1], 9: [0], 10: [0], 11: [0]}",identity,identity,0,0.0,0.812,0.0,500
2,mnist,facebook/deit-small-patch16-224,Adam,0.01,Linear,identity,256,5,[],[],[],"{0: [0], 1: [0, 3], 2: [0], 3: [0, 4], 4: [0], 5: [0], 6: [0], 7: [0], 8: [0, 1], 9: [0], 10: [0], 11: [0]}",identity,identity,0,0.0,0.805,0.0,500
3,mnist,facebook/deit-small-patch16-224,Adam,0.01,Linear,identity,256,5,[],[],[],"{0: [0], 1: [0, 3], 2: [0], 3: [0, 4], 4: [0], 5: [0], 6: [0], 7: [0], 8: [0, 1], 9: [0], 10: [0], 11: [0]}",identity,identity,0,0.0,0.8144,0.0,500
1,mnist,facebook/deit-small-patch16-224,Adam,0.01,Linear,identity,256,5,[],[],[],"{0: [0], 1: [0, 3], 2: [0], 3: [0, 4], 4: [0, 2], 5: [0, 2], 6: [0], 7: [0], 8: [0, 1], 9: [0], 10: [0], 11: [0]}",identity,identity,0,0.0,0.8888,0.0,500
2,mnist,facebook/deit-small-patch16-224,Adam,0.01,Linear,identity,256,5,[],[],[],"{0: [0], 1: [0, 3], 2: [0], 3: [0, 4], 4: [0, 2], 5: [0, 2], 6: [0], 7: [0], 8: [0, 1], 9: [0], 10: [0], 11: [0]}",identity,identity,0,0.0,0.8802,0.0,500
3,mnist,facebook/deit-small-patch16-224,Adam,0.01,Linear,identity,256,5,[],[],[],"{0: [0], 1: [0, 3], 2: [0], 3: [0, 4], 4: [0, 2], 5: [0, 2], 6: [0], 7: [0], 8: [0, 1], 9: [0], 10: [0], 11: [0]}",identity,identity,0,0.0,0.8862,0.0,500
1,mnist,facebook/deit-small-patch16-224,Adam,0.01,Linear,identity,256,5,[],[],[],"{0: [0], 1: [0, 3], 2: [0, 4], 3: [0, 4], 4: [0, 2], 5: [0, 2], 6: [0], 7: [0], 8: [0, 1], 9: [0], 10: [0], 11: [0]}",identity,identity,0,0.0,0.9029,0.0,500
2,mnist,facebook/deit-small-patch16-224,Adam,0.01,Linear,identity,256,5,[],[],[],"{0: [0], 1: [0, 3], 2: [0, 4], 3: [0, 4], 4: [0, 2], 5: [0, 2], 6: [0], 7: [0], 8: [0, 1], 9: [0], 10: [0], 11: [0]}",identity,identity,0,0.0,0.894,0.0,500
3,mnist,facebook/deit-small-patch16-224,Adam,0.01,Linear,identity,256,5,[],[],[],"{0: [0], 1: [0, 3], 2: [0, 4], 3: [0, 4], 4: [0, 2], 5: [0, 2], 6: [0], 7: [0], 8: [0, 1], 9: [0], 10: [0], 11: [0]}",identity,identity,0,0.0,0.9014,0.0,500
1,mnist,facebook/deit-small-patch16-224,Adam,0.01,Linear,identity,256,5,[],[],[],"{0: [0, 5], 1: [0, 1, 3], 2: [0, 4], 3: [0, 4], 4: [0, 2], 5: [0, 2], 6: [0], 7: [0], 8: [0, 1], 9: [0], 10: [0], 11: [0]}",identity,identity,0,0.0,0.9136,0.0,500
2,mnist,facebook/deit-small-patch16-224,Adam,0.01,Linear,identity,256,5,[],[],[],"{0: [0, 5], 1: [0, 1, 3], 2: [0, 4], 3: [0, 4], 4: [0, 2], 5: [0, 2], 6: [0], 7: [0], 8: [0, 1], 9: [0], 10: [0], 11: [0]}",identity,identity,0,0.0,0.9121,0.0,500
3,mnist,facebook/deit-small-patch16-224,Adam,0.01,Linear,identity,256,5,[],[],[],"{0: [0, 5], 1: [0, 1, 3], 2: [0, 4], 3: [0, 4], 4: [0, 2], 5: [0, 2], 6: [0], 7: [0], 8: [0, 1], 9: [0], 10: [0], 11: [0]}",identity,identity,0,0.0,0.9107,0.0,500
1,mnist,facebook/deit-small-patch16-224,Adam,0.01,Linear,identity,256,5,[],[],[],"{0: [0, 5], 1: [0, 1, 3], 2: [0, 4], 3: [0, 4, 5], 4: [0, 2, 3], 5: [0, 2], 6: [0], 7: [0], 8: [0, 1], 9: [0], 10: [0], 11: [0]}",identity,identity,0,0.0,0.9247,0.0,500
2,mnist,facebook/deit-small-patch16-224,Adam,0.01,Linear,identity,256,5,[],[],[],"{0: [0, 5], 1: [0, 1, 3], 2: [0, 4], 3: [0, 4, 5], 4: [0, 2, 3], 5: [0, 2], 6: [0], 7: [0], 8: [0, 1], 9: [0], 10: [0], 11: [0]}",identity,identity,0,0.0,0.9189,0.0,500
3,mnist,facebook/deit-small-patch16-224,Adam,0.01,Linear,identity,256,5,[],[],[],"{0: [0, 5], 1: [0, 1, 3], 2: [0, 4], 3: [0, 4, 5], 4: [0, 2, 3], 5: [0, 2], 6: [0], 7: [0], 8: [0, 1], 9: [0], 10: [0], 11: [0]}",identity,identity,0,0.0,0.9232,0.0,500
1,mnist,facebook/deit-small-patch16-224,Adam,0.01,Linear,identity,256,5,[],[],[],"{0: [0, 5], 1: [0, 1, 3], 2: [0, 4], 3: [0, 1, 4, 5], 4: [0, 2, 3], 5: [0, 2], 6: [0], 7: [0], 8: [0, 1], 9: [0], 10: [0], 11: [0, 3]}",identity,identity,0,0.0,0.9264,0.0,500
2,mnist,facebook/deit-small-patch16-224,Adam,0.01,Linear,identity,256,5,[],[],[],"{0: [0, 5], 1: [0, 1, 3], 2: [0, 4], 3: [0, 1, 4, 5], 4: [0, 2, 3], 5: [0, 2], 6: [0], 7: [0], 8: [0, 1], 9: [0], 10: [0], 11: [0, 3]}",identity,identity,0,0.0,0.9212,0.0,500
3,mnist,facebook/deit-small-patch16-224,Adam,0.01,Linear,identity,256,5,[],[],[],"{0: [0, 5], 1: [0, 1, 3], 2: [0, 4], 3: [0, 1, 4, 5], 4: [0, 2, 3], 5: [0, 2], 6: [0], 7: [0], 8: [0, 1], 9: [0], 10: [0], 11: [0, 3]}",identity,identity,0,0.0,0.9235,0.0,500
1,mnist,facebook/deit-small-patch16-224,Adam,0.01,Linear,identity,256,5,[],[],[],"{0: [0, 3, 5], 1: [0, 1, 3], 2: [0, 4], 3: [0, 1, 4, 5], 4: [0, 2, 3], 5: [0, 2, 4], 6: [0], 7: [0], 8: [0, 1], 9: [0, 1], 10: [0, 1, 2], 11: [0, 3, 5]}",identity,identity,0,0.0,0.9381,0.0,500
2,mnist,facebook/deit-small-patch16-224,Adam,0.01,Linear,identity,256,5,[],[],[],"{0: [0, 3, 5], 1: [0, 1, 3], 2: [0, 4], 3: [0, 1, 4, 5], 4: [0, 2, 3], 5: [0, 2, 4], 6: [0], 7: [0], 8: [0, 1], 9: [0, 1], 10: [0, 1, 2], 11: [0, 3, 5]}",identity,identity,0,0.0,0.9359,0.0,500
3,mnist,facebook/deit-small-patch16-224,Adam,0.01,Linear,identity,256,5,[],[],[],"{0: [0, 3, 5], 1: [0, 1, 3], 2: [0, 4], 3: [0, 1, 4, 5], 4: [0, 2, 3], 5: [0, 2, 4], 6: [0], 7: [0], 8: [0, 1], 9: [0, 1], 10: [0, 1, 2], 11: [0, 3, 5]}",identity,identity,0,0.0,0.9375,0.0,500
1,mnist,facebook/deit-small-patch16-224,Adam,0.01,Linear,identity,256,5,[],[],[],"{0: [0, 1, 3, 4, 5], 1: [0, 1, 3], 2: [0, 4], 3: [0, 1, 4, 5], 4: [0, 2, 3, 4], 5: [0, 1, 2, 3, 4], 6: [0, 2], 7: [0], 8: [0, 1, 2, 3, 4], 9: [0, 1, 5], 10: [0, 1, 2, 3], 11: [0, 3, 5]}",identity,identity,0,0.0,0.9436,0.0,500
2,mnist,facebook/deit-small-patch16-224,Adam,0.01,Linear,identity,256,5,[],[],[],"{0: [0, 1, 3, 4, 5], 1: [0, 1, 3], 2: [0, 4], 3: [0, 1, 4, 5], 4: [0, 2, 3, 4], 5: [0, 1, 2, 3, 4], 6: [0, 2], 7: [0], 8: [0, 1, 2, 3, 4], 9: [0, 1, 5], 10: [0, 1, 2, 3], 11: [0, 3, 5]}",identity,identity,0,0.0,0.9434,0.0,500
3,mnist,facebook/deit-small-patch16-224,Adam,0.01,Linear,identity,256,5,[],[],[],"{0: [0, 1, 3, 4, 5], 1: [0, 1, 3], 2: [0, 4], 3: [0, 1, 4, 5], 4: [0, 2, 3, 4], 5: [0, 1, 2, 3, 4], 6: [0, 2], 7: [0], 8: [0, 1, 2, 3, 4], 9: [0, 1, 5], 10: [0, 1, 2, 3], 11: [0, 3, 5]}",identity,identity,0,0.0,0.9427,0.0,500
1,mnist,facebook/deit-small-patch16-224,Adam,0.01,Linear,identity,256,5,[],[],[],"{1: [0, 1, 2, 3], 2: [0, 1, 4], 3: [0, 1, 4, 5], 4: [0, 2, 3, 4], 6: [0, 1, 2, 3, 5], 7: [0, 3], 9: [0, 1, 2, 5], 10: [0, 1, 2, 3, 5], 11: [0, 3, 4, 5]}",identity,identity,0,0.0,0.9494,0.0,500
2,mnist,facebook/deit-small-patch16-224,Adam,0.01,Linear,identity,256,5,[],[],[],"{1: [0, 1, 2, 3], 2: [0, 1, 4], 3: [0, 1, 4, 5], 4: [0, 2, 3, 4], 6: [0, 1, 2, 3, 5], 7: [0, 3], 9: [0, 1, 2, 5], 10: [0, 1, 2, 3, 5], 11: [0, 3, 4, 5]}",identity,identity,0,0.0,0.945,0.0,500
3,mnist,facebook/deit-small-patch16-224,Adam,0.01,Linear,identity,256,5,[],[],[],"{1: [0, 1, 2, 3], 2: [0, 1, 4], 3: [0, 1, 4, 5], 4: [0, 2, 3, 4], 6: [0, 1, 2, 3, 5], 7: [0, 3], 9: [0, 1, 2, 5], 10: [0, 1, 2, 3, 5], 11: [0, 3, 4, 5]}",identity,identity,0,0.0,0.9525,0.0,500
1,mnist,facebook/deit-small-patch16-224,Adam,0.01,Linear,identity,256,5,[],[],[],"{3: [0, 1, 3, 4, 5], 4: [0, 1, 2, 3, 4], 7: [0, 1, 2, 3], 9: [0, 1, 2, 4, 5], 11: [0, 3, 4, 5]}",identity,identity,0,0.0,0.963,0.0,500
2,mnist,facebook/deit-small-patch16-224,Adam,0.01,Linear,identity,256,5,[],[],[],"{3: [0, 1, 3, 4, 5], 4: [0, 1, 2, 3, 4], 7: [0, 1, 2, 3], 9: [0, 1, 2, 4, 5], 11: [0, 3, 4, 5]}",identity,identity,0,0.0,0.9616,0.0,500
3,mnist,facebook/deit-small-patch16-224,Adam,0.01,Linear,identity,256,5,[],[],[],"{3: [0, 1, 3, 4, 5], 4: [0, 1, 2, 3, 4], 7: [0, 1, 2, 3], 9: [0, 1, 2, 4, 5], 11: [0, 3, 4, 5]}",identity,identity,0,0.0,0.9633,0.0,500
1,mnist,facebook/deit-small-patch16-224,Adam,0.01,Linear,identity,256,5,[],[],[],"{7: [0, 1, 2, 3, 4], 11: [0, 1, 3, 4, 5]}",identity,identity,0,0.0,0.9622,0.0,500
2,mnist,facebook/deit-small-patch16-224,Adam,0.01,Linear,identity,256,5,[],[],[],"{7: [0, 1, 2, 3, 4], 11: [0, 1, 3, 4, 5]}",identity,identity,0,0.0,0.9579,0.0,500
3,mnist,facebook/deit-small-patch16-224,Adam,0.01,Linear,identity,256,5,[],[],[],"{7: [0, 1, 2, 3, 4], 11: [0, 1, 3, 4, 5]}",identity,identity,0,0.0,0.9635,0.0,500
1,mnist,facebook/deit-small-patch16-224,Adam,0.01,Linear,identity,256,5,[],[],[],"{7: [0, 1, 2, 3, 4]}",identity,identity,0,0.0,0.9629,0.0,500
2,mnist,facebook/deit-small-patch16-224,Adam,0.01,Linear,identity,256,5,[],[],[],"{7: [0, 1, 2, 3, 4]}",identity,identity,0,0.0,0.9581,0.0,500
3,mnist,facebook/deit-small-patch16-224,Adam,0.01,Linear,identity,256,5,[],[],[],"{7: [0, 1, 2, 3, 4]}",identity,identity,0,0.0,0.964,0.0,500
1,cifar100,facebook/deit-small-patch16-224,Adam,0.01,Linear,identity,256,5,[],[],[],"{0: [0, 5], 1: [0], 2: [0, 1], 3: [0], 4: [0], 5: [0], 6: [0], 7: [0, 2], 8: [0], 9: [0], 10: [0], 11: [0]}",identity,identity,0,0.7126,0.2964,0.4162,500
2,cifar100,facebook/deit-small-patch16-224,Adam,0.01,Linear,identity,256,5,[],[],[],"{0: [0, 5], 1: [0], 2: [0, 1], 3: [0], 4: [0], 5: [0], 6: [0], 7: [0, 2], 8: [0], 9: [0], 10: [0], 11: [0]}",identity,identity,0,0.7128,0.2955,0.4173,500
3,cifar100,facebook/deit-small-patch16-224,Adam,0.01,Linear,identity,256,5,[],[],[],"{0: [0, 5], 1: [0], 2: [0, 1], 3: [0], 4: [0], 5: [0], 6: [0], 7: [0, 2], 8: [0], 9: [0], 10: [0], 11: [0]}",identity,identity,0,0.712,0.2897,0.4222999999999999,500
1,cifar100,facebook/deit-small-patch16-224,Adam,0.01,Linear,identity,256,5,[],[],[],"{0: [0, 5], 1: [0], 2: [0, 1, 2, 4], 3: [0], 4: [0, 3], 5: [0], 6: [0], 7: [0, 2], 8: [0], 9: [0], 10: [0], 11: [0]}",identity,identity,0,0.7126,0.3353,0.3773,500
2,cifar100,facebook/deit-small-patch16-224,Adam,0.01,Linear,identity,256,5,[],[],[],"{0: [0, 5], 1: [0], 2: [0, 1, 2, 4], 3: [0], 4: [0, 3], 5: [0], 6: [0], 7: [0, 2], 8: [0], 9: [0], 10: [0], 11: [0]}",identity,identity,0,0.7128,0.3394,0.3734,500
3,cifar100,facebook/deit-small-patch16-224,Adam,0.01,Linear,identity,256,5,[],[],[],"{0: [0, 5], 1: [0], 2: [0, 1, 2, 4], 3: [0], 4: [0, 3], 5: [0], 6: [0], 7: [0, 2], 8: [0], 9: [0], 10: [0], 11: [0]}",identity,identity,0,0.712,0.3272,0.3848,500
1,cifar100,facebook/deit-small-patch16-224,Adam,0.01,Linear,identity,256,5,[],[],[],"{0: [0, 3, 5], 1: [0], 2: [0, 1, 2, 4], 3: [0], 4: [0, 3], 5: [0], 6: [0], 7: [0, 2], 8: [0], 9: [0], 10: [0], 11: [0]}",identity,identity,0,0.7126,0.3282,0.3844,500
2,cifar100,facebook/deit-small-patch16-224,Adam,0.01,Linear,identity,256,5,[],[],[],"{0: [0, 3, 5], 1: [0], 2: [0, 1, 2, 4], 3: [0], 4: [0, 3], 5: [0], 6: [0], 7: [0, 2], 8: [0], 9: [0], 10: [0], 11: [0]}",identity,identity,0,0.7128,0.3358,0.377,500
3,cifar100,facebook/deit-small-patch16-224,Adam,0.01,Linear,identity,256,5,[],[],[],"{0: [0, 3, 5], 1: [0], 2: [0, 1, 2, 4], 3: [0], 4: [0, 3], 5: [0], 6: [0], 7: [0, 2], 8: [0], 9: [0], 10: [0], 11: [0]}",identity,identity,0,0.712,0.3241,0.3878999999999999,500
1,cifar100,facebook/deit-small-patch16-224,Adam,0.01,Linear,identity,256,5,[],[],[],"{0: [0, 3, 5], 1: [0, 1], 2: [0, 1, 2, 4], 3: [0, 1], 4: [0, 3], 5: [0, 1], 6: [0, 3, 5], 7: [0, 2], 8: [0, 2], 9: [0, 1], 10: [0], 11: [0]}",identity,identity,0,0.7126,0.3689,0.3437,500
2,cifar100,facebook/deit-small-patch16-224,Adam,0.01,Linear,identity,256,5,[],[],[],"{0: [0, 3, 5], 1: [0, 1], 2: [0, 1, 2, 4], 3: [0, 1], 4: [0, 3], 5: [0, 1], 6: [0, 3, 5], 7: [0, 2], 8: [0, 2], 9: [0, 1], 10: [0], 11: [0]}",identity,identity,0,0.7128,0.3697,0.3431,500
3,cifar100,facebook/deit-small-patch16-224,Adam,0.01,Linear,identity,256,5,[],[],[],"{0: [0, 3, 5], 1: [0, 1], 2: [0, 1, 2, 4], 3: [0, 1], 4: [0, 3], 5: [0, 1], 6: [0, 3, 5], 7: [0, 2], 8: [0, 2], 9: [0, 1], 10: [0], 11: [0]}",identity,identity,0,0.712,0.364,0.348,500
1,cifar100,facebook/deit-small-patch16-224,Adam,0.01,Linear,identity,256,5,[],[],[],"{0: [0, 3, 5], 1: [0, 1], 2: [0, 1, 2, 4], 3: [0, 1], 4: [0, 2, 3], 5: [0, 1], 6: [0, 3, 4, 5], 7: [0, 2], 8: [0, 2], 9: [0, 1, 2], 10: [0, 2], 11: [0]}",identity,identity,0,0.7126,0.3795,0.3331,500
2,cifar100,facebook/deit-small-patch16-224,Adam,0.01,Linear,identity,256,5,[],[],[],"{0: [0, 3, 5], 1: [0, 1], 2: [0, 1, 2, 4], 3: [0, 1], 4: [0, 2, 3], 5: [0, 1], 6: [0, 3, 4, 5], 7: [0, 2], 8: [0, 2], 9: [0, 1, 2], 10: [0, 2], 11: [0]}",identity,identity,0,0.7128,0.3858,0.327,500
3,cifar100,facebook/deit-small-patch16-224,Adam,0.01,Linear,identity,256,5,[],[],[],"{0: [0, 3, 5], 1: [0, 1], 2: [0, 1, 2, 4], 3: [0, 1], 4: [0, 2, 3], 5: [0, 1], 6: [0, 3, 4, 5], 7: [0, 2], 8: [0, 2], 9: [0, 1, 2], 10: [0, 2], 11: [0]}",identity,identity,0,0.712,0.381,0.3309999999999999,500
1,cifar100,facebook/deit-small-patch16-224,Adam,0.01,Linear,identity,256,5,[],[],[],"{0: [0, 3, 5], 1: [0, 1, 4], 2: [0, 1, 2, 4], 3: [0, 1, 5], 4: [0, 2, 3], 5: [0, 1], 6: [0, 3, 4, 5], 7: [0, 2, 3], 8: [0, 2], 9: [0, 1, 2], 10: [0, 2], 11: [0]}",identity,identity,0,0.7126,0.3963,0.3163,500
2,cifar100,facebook/deit-small-patch16-224,Adam,0.01,Linear,identity,256,5,[],[],[],"{0: [0, 3, 5], 1: [0, 1, 4], 2: [0, 1, 2, 4], 3: [0, 1, 5], 4: [0, 2, 3], 5: [0, 1], 6: [0, 3, 4, 5], 7: [0, 2, 3], 8: [0, 2], 9: [0, 1, 2], 10: [0, 2], 11: [0]}",identity,identity,0,0.7128,0.4022,0.3106,500
3,cifar100,facebook/deit-small-patch16-224,Adam,0.01,Linear,identity,256,5,[],[],[],"{0: [0, 3, 5], 1: [0, 1, 4], 2: [0, 1, 2, 4], 3: [0, 1, 5], 4: [0, 2, 3], 5: [0, 1], 6: [0, 3, 4, 5], 7: [0, 2, 3], 8: [0, 2], 9: [0, 1, 2], 10: [0, 2], 11: [0]}",identity,identity,0,0.712,0.405,0.3069999999999999,500
1,cifar100,facebook/deit-small-patch16-224,Adam,0.01,Linear,identity,256,5,[],[],[],"{0: [0, 3, 5], 1: [0, 1, 4], 2: [0, 1, 2, 4], 3: [0, 1, 2, 5], 4: [0, 1, 2, 3], 5: [0, 1, 3, 5], 6: [0, 3, 4, 5], 7: [0, 2, 3, 5], 8: [0, 2], 9: [0, 1, 2], 10: [0, 1, 2], 11: [0]}",identity,identity,0,0.7126,0.4371,0.2755,500
2,cifar100,facebook/deit-small-patch16-224,Adam,0.01,Linear,identity,256,5,[],[],[],"{0: [0, 3, 5], 1: [0, 1, 4], 2: [0, 1, 2, 4], 3: [0, 1, 2, 5], 4: [0, 1, 2, 3], 5: [0, 1, 3, 5], 6: [0, 3, 4, 5], 7: [0, 2, 3, 5], 8: [0, 2], 9: [0, 1, 2], 10: [0, 1, 2], 11: [0]}",identity,identity,0,0.7128,0.4391,0.2737,500
3,cifar100,facebook/deit-small-patch16-224,Adam,0.01,Linear,identity,256,5,[],[],[],"{0: [0, 3, 5], 1: [0, 1, 4], 2: [0, 1, 2, 4], 3: [0, 1, 2, 5], 4: [0, 1, 2, 3], 5: [0, 1, 3, 5], 6: [0, 3, 4, 5], 7: [0, 2, 3, 5], 8: [0, 2], 9: [0, 1, 2], 10: [0, 1, 2], 11: [0]}",identity,identity,0,0.712,0.4384,0.2735999999999999,500
1,cifar100,facebook/deit-small-patch16-224,Adam,0.01,Linear,identity,256,5,[],[],[],"{0: [0, 3, 5], 1: [0, 1, 3, 4], 2: [0, 1, 2, 3, 4], 3: [0, 1, 2, 3, 5], 4: [0, 1, 2, 3, 4], 5: [0, 1, 3, 4, 5], 6: [0, 3, 4, 5], 7: [0, 1, 2, 3, 5], 8: [0, 1, 2, 3], 9: [0, 1, 2], 10: [0, 1, 2], 11: [0, 1]}",identity,identity,0,0.7126,0.5066,0.2059999999999999,500
2,cifar100,facebook/deit-small-patch16-224,Adam,0.01,Linear,identity,256,5,[],[],[],"{0: [0, 3, 5], 1: [0, 1, 3, 4], 2: [0, 1, 2, 3, 4], 3: [0, 1, 2, 3, 5], 4: [0, 1, 2, 3, 4], 5: [0, 1, 3, 4, 5], 6: [0, 3, 4, 5], 7: [0, 1, 2, 3, 5], 8: [0, 1, 2, 3], 9: [0, 1, 2], 10: [0, 1, 2], 11: [0, 1]}",identity,identity,0,0.7128,0.5097,0.2030999999999999,500
3,cifar100,facebook/deit-small-patch16-224,Adam,0.01,Linear,identity,256,5,[],[],[],"{0: [0, 3, 5], 1: [0, 1, 3, 4], 2: [0, 1, 2, 3, 4], 3: [0, 1, 2, 3, 5], 4: [0, 1, 2, 3, 4], 5: [0, 1, 3, 4, 5], 6: [0, 3, 4, 5], 7: [0, 1, 2, 3, 5], 8: [0, 1, 2, 3], 9: [0, 1, 2], 10: [0, 1, 2], 11: [0, 1]}",identity,identity,0,0.712,0.5137,0.1982999999999999,500
1,cifar100,facebook/deit-small-patch16-224,Adam,0.01,Linear,identity,256,5,[],[],[],"{0: [0, 3, 5], 1: [0, 1, 2, 3, 4], 2: [0, 1, 2, 3, 4], 3: [0, 1, 2, 3, 5], 5: [0, 1, 3, 4, 5], 6: [0, 1, 3, 4, 5], 8: [0, 1, 2, 3], 9: [0, 1, 2, 3, 4], 10: [0, 1, 2], 11: [0, 1]}",identity,identity,0,0.7126,0.5547,0.1579,500
2,cifar100,facebook/deit-small-patch16-224,Adam,0.01,Linear,identity,256,5,[],[],[],"{0: [0, 3, 5], 1: [0, 1, 2, 3, 4], 2: [0, 1, 2, 3, 4], 3: [0, 1, 2, 3, 5], 5: [0, 1, 3, 4, 5], 6: [0, 1, 3, 4, 5], 8: [0, 1, 2, 3], 9: [0, 1, 2, 3, 4], 10: [0, 1, 2], 11: [0, 1]}",identity,identity,0,0.7128,0.5557,0.1571,500
3,cifar100,facebook/deit-small-patch16-224,Adam,0.01,Linear,identity,256,5,[],[],[],"{0: [0, 3, 5], 1: [0, 1, 2, 3, 4], 2: [0, 1, 2, 3, 4], 3: [0, 1, 2, 3, 5], 5: [0, 1, 3, 4, 5], 6: [0, 1, 3, 4, 5], 8: [0, 1, 2, 3], 9: [0, 1, 2, 3, 4], 10: [0, 1, 2], 11: [0, 1]}",identity,identity,0,0.712,0.5572,0.1547999999999999,500
1,cifar100,facebook/deit-small-patch16-224,Adam,0.01,Linear,identity,256,5,[],[],[],"{0: [0, 3, 5], 1: [0, 1, 2, 3, 4], 6: [0, 1, 3, 4, 5], 9: [0, 1, 2, 3, 4], 10: [0, 1, 2, 3], 11: [0, 1, 4, 5]}",identity,identity,0,0.7126,0.6039,0.1087,500
2,cifar100,facebook/deit-small-patch16-224,Adam,0.01,Linear,identity,256,5,[],[],[],"{0: [0, 3, 5], 1: [0, 1, 2, 3, 4], 6: [0, 1, 3, 4, 5], 9: [0, 1, 2, 3, 4], 10: [0, 1, 2, 3], 11: [0, 1, 4, 5]}",identity,identity,0,0.7128,0.6033,0.1095,500
3,cifar100,facebook/deit-small-patch16-224,Adam,0.01,Linear,identity,256,5,[],[],[],"{0: [0, 3, 5], 1: [0, 1, 2, 3, 4], 6: [0, 1, 3, 4, 5], 9: [0, 1, 2, 3, 4], 10: [0, 1, 2, 3], 11: [0, 1, 4, 5]}",identity,identity,0,0.712,0.6075,0.1044999999999999,500
1,cifar100,facebook/deit-small-patch16-224,Adam,0.01,Linear,identity,256,5,[],[],[],"{0: [0, 1, 3, 4, 5], 11: [0, 1, 3, 4, 5]}",identity,identity,0,0.7126,0.6846,0.028,500
2,cifar100,facebook/deit-small-patch16-224,Adam,0.01,Linear,identity,256,5,[],[],[],"{0: [0, 1, 3, 4, 5], 11: [0, 1, 3, 4, 5]}",identity,identity,0,0.7128,0.681,0.0317999999999999,500
3,cifar100,facebook/deit-small-patch16-224,Adam,0.01,Linear,identity,256,5,[],[],[],"{0: [0, 1, 3, 4, 5], 11: [0, 1, 3, 4, 5]}",identity,identity,0,0.712,0.6833,0.0286999999999999,500
1,cifar100,facebook/deit-small-patch16-224,Adam,0.01,Linear,identity,256,5,[],[],[],{},identity,identity,0,0.7126,0.7126,0.0,500
2,cifar100,facebook/deit-small-patch16-224,Adam,0.01,Linear,identity,256,5,[],[],[],{},identity,identity,0,0.7128,0.7128,0.0,500
3,cifar100,facebook/deit-small-patch16-224,Adam,0.01,Linear,identity,256,5,[],[],[],{},identity,identity,0,0.712,0.712,0.0,500
1,imagenet-1k,facebook/deit-small-patch16-224,Adam,0.01,Linear,identity,256,5,[],[],[],"{0: [0, 1, 2, 3, 4], 1: [0, 2, 3, 4], 2: [0], 3: [0, 2], 4: [0, 1], 5: [0], 6: [0, 1], 7: [0, 3], 8: [0], 9: [0], 10: [0], 11: [0]}",identity,identity,0,0.0,0.1235,0.0,500
2,imagenet-1k,facebook/deit-small-patch16-224,Adam,0.01,Linear,identity,256,5,[],[],[],"{0: [0, 1, 2, 3, 4], 1: [0, 2, 3, 4], 2: [0], 3: [0, 2], 4: [0, 1], 5: [0], 6: [0, 1], 7: [0, 3], 8: [0], 9: [0], 10: [0], 11: [0]}",identity,identity,0,0.0,0.1233,0.0,500
3,imagenet-1k,facebook/deit-small-patch16-224,Adam,0.01,Linear,identity,256,5,[],[],[],"{0: [0, 1, 2, 3, 4], 1: [0, 2, 3, 4], 2: [0], 3: [0, 2], 4: [0, 1], 5: [0], 6: [0, 1], 7: [0, 3], 8: [0], 9: [0], 10: [0], 11: [0]}",identity,identity,0,0.0,0.1264,0.0,500
1,imagenet-1k,facebook/deit-small-patch16-224,Adam,0.01,Linear,identity,256,5,[],[],[],"{0: [0, 1, 2, 3, 4], 1: [0, 1, 2, 3, 4], 2: [0], 3: [0, 2, 4], 4: [0, 1], 5: [0], 6: [0, 1], 7: [0, 1, 3], 8: [0], 9: [0], 10: [0], 11: [0]}",identity,identity,0,0.0,0.1595,0.0,500
2,imagenet-1k,facebook/deit-small-patch16-224,Adam,0.01,Linear,identity,256,5,[],[],[],"{0: [0, 1, 2, 3, 4], 1: [0, 1, 2, 3, 4], 2: [0], 3: [0, 2, 4], 4: [0, 1], 5: [0], 6: [0, 1], 7: [0, 1, 3], 8: [0], 9: [0], 10: [0], 11: [0]}",identity,identity,0,0.0,0.1563,0.0,500
3,imagenet-1k,facebook/deit-small-patch16-224,Adam,0.01,Linear,identity,256,5,[],[],[],"{0: [0, 1, 2, 3, 4], 1: [0, 1, 2, 3, 4], 2: [0], 3: [0, 2, 4], 4: [0, 1], 5: [0], 6: [0, 1], 7: [0, 1, 3], 8: [0], 9: [0], 10: [0], 11: [0]}",identity,identity,0,0.0,0.1576,0.0,500
1,imagenet-1k,facebook/deit-small-patch16-224,Adam,0.01,Linear,identity,256,5,[],[],[],"{0: [0, 1, 2, 3, 4], 2: [0, 1], 3: [0, 2, 4], 4: [0, 1], 5: [0], 6: [0, 1], 7: [0, 1, 3], 8: [0], 9: [0], 10: [0], 11: [0]}",identity,identity,0,0.0,0.2505,0.0,500
2,imagenet-1k,facebook/deit-small-patch16-224,Adam,0.01,Linear,identity,256,5,[],[],[],"{0: [0, 1, 2, 3, 4], 2: [0, 1], 3: [0, 2, 4], 4: [0, 1], 5: [0], 6: [0, 1], 7: [0, 1, 3], 8: [0], 9: [0], 10: [0], 11: [0]}",identity,identity,0,0.0,0.2534,0.0,500
3,imagenet-1k,facebook/deit-small-patch16-224,Adam,0.01,Linear,identity,256,5,[],[],[],"{0: [0, 1, 2, 3, 4], 2: [0, 1], 3: [0, 2, 4], 4: [0, 1], 5: [0], 6: [0, 1], 7: [0, 1, 3], 8: [0], 9: [0], 10: [0], 11: [0]}",identity,identity,0,0.0,0.2553,0.0,500
1,imagenet-1k,facebook/deit-small-patch16-224,Adam,0.01,Linear,identity,256,5,[],[],[],"{2: [0, 1], 3: [0, 2, 4, 5], 4: [0, 1], 5: [0], 6: [0, 1], 7: [0, 1, 3], 8: [0], 9: [0], 10: [0, 1], 11: [0]}",identity,identity,0,0.0,0.3212,0.0,500
2,imagenet-1k,facebook/deit-small-patch16-224,Adam,0.01,Linear,identity,256,5,[],[],[],"{2: [0, 1], 3: [0, 2, 4, 5], 4: [0, 1], 5: [0], 6: [0, 1], 7: [0, 1, 3], 8: [0], 9: [0], 10: [0, 1], 11: [0]}",identity,identity,0,0.0,0.321,0.0,500
3,imagenet-1k,facebook/deit-small-patch16-224,Adam,0.01,Linear,identity,256,5,[],[],[],"{2: [0, 1], 3: [0, 2, 4, 5], 4: [0, 1], 5: [0], 6: [0, 1], 7: [0, 1, 3], 8: [0], 9: [0], 10: [0, 1], 11: [0]}",identity,identity,0,0.0,0.3283,0.0,500
1,imagenet-1k,facebook/deit-small-patch16-224,Adam,0.01,Linear,identity,256,5,[],[],[],"{2: [0, 1, 2], 3: [0, 2, 4, 5], 4: [0, 1], 5: [0], 6: [0, 1], 7: [0, 1, 3], 8: [0], 9: [0], 10: [0, 1], 11: [0, 4]}",identity,identity,0,0.0,0.3564,0.0,500
2,imagenet-1k,facebook/deit-small-patch16-224,Adam,0.01,Linear,identity,256,5,[],[],[],"{2: [0, 1, 2], 3: [0, 2, 4, 5], 4: [0, 1], 5: [0], 6: [0, 1], 7: [0, 1, 3], 8: [0], 9: [0], 10: [0, 1], 11: [0, 4]}",identity,identity,0,0.0,0.3538,0.0,500
3,imagenet-1k,facebook/deit-small-patch16-224,Adam,0.01,Linear,identity,256,5,[],[],[],"{2: [0, 1, 2], 3: [0, 2, 4, 5], 4: [0, 1], 5: [0], 6: [0, 1], 7: [0, 1, 3], 8: [0], 9: [0], 10: [0, 1], 11: [0, 4]}",identity,identity,0,0.0,0.3618,0.0,500
1,imagenet-1k,facebook/deit-small-patch16-224,Adam,0.01,Linear,identity,256,5,[],[],[],"{2: [0, 1, 2, 4], 3: [0, 2, 4, 5], 4: [0, 1], 5: [0, 1], 6: [0, 1, 2], 7: [0, 1, 3, 4, 5], 8: [0], 9: [0], 10: [0, 1, 2], 11: [0, 4]}",identity,identity,0,0.0,0.4609,0.0,500
2,imagenet-1k,facebook/deit-small-patch16-224,Adam,0.01,Linear,identity,256,5,[],[],[],"{2: [0, 1, 2, 4], 3: [0, 2, 4, 5], 4: [0, 1], 5: [0, 1], 6: [0, 1, 2], 7: [0, 1, 3, 4, 5], 8: [0], 9: [0], 10: [0, 1, 2], 11: [0, 4]}",identity,identity,0,0.0,0.4524,0.0,500
3,imagenet-1k,facebook/deit-small-patch16-224,Adam,0.01,Linear,identity,256,5,[],[],[],"{2: [0, 1, 2, 4], 3: [0, 2, 4, 5], 4: [0, 1], 5: [0, 1], 6: [0, 1, 2], 7: [0, 1, 3, 4, 5], 8: [0], 9: [0], 10: [0, 1, 2], 11: [0, 4]}",identity,identity,0,0.0,0.4538,0.0,500
1,imagenet-1k,facebook/deit-small-patch16-224,Adam,0.01,Linear,identity,256,5,[],[],[],"{2: [0, 1, 2, 4, 5], 3: [0, 1, 2, 4, 5], 4: [0, 1], 5: [0, 1], 6: [0, 1, 2], 7: [0, 1, 3, 4, 5], 8: [0, 3, 4], 9: [0, 2, 4], 10: [0, 1, 2], 11: [0, 4]}",identity,identity,0,0.0,0.516,0.0,500
2,imagenet-1k,facebook/deit-small-patch16-224,Adam,0.01,Linear,identity,256,5,[],[],[],"{2: [0, 1, 2, 4, 5], 3: [0, 1, 2, 4, 5], 4: [0, 1], 5: [0, 1], 6: [0, 1, 2], 7: [0, 1, 3, 4, 5], 8: [0, 3, 4], 9: [0, 2, 4], 10: [0, 1, 2], 11: [0, 4]}",identity,identity,0,0.0,0.517,0.0,500
3,imagenet-1k,facebook/deit-small-patch16-224,Adam,0.01,Linear,identity,256,5,[],[],[],"{2: [0, 1, 2, 4, 5], 3: [0, 1, 2, 4, 5], 4: [0, 1], 5: [0, 1], 6: [0, 1, 2], 7: [0, 1, 3, 4, 5], 8: [0, 3, 4], 9: [0, 2, 4], 10: [0, 1, 2], 11: [0, 4]}",identity,identity,0,0.0,0.5141,0.0,500
1,imagenet-1k,facebook/deit-small-patch16-224,Adam,0.01,Linear,identity,256,5,[],[],[],"{2: [0, 1, 2, 4, 5], 4: [0, 1, 2, 4], 5: [0, 1, 2], 6: [0, 1, 2, 5], 7: [0, 1, 3, 4, 5], 8: [0, 3, 4], 9: [0, 2, 4], 10: [0, 1, 2, 3], 11: [0, 2, 3, 4]}",identity,identity,0,0.0,0.6437,0.0,500
2,imagenet-1k,facebook/deit-small-patch16-224,Adam,0.01,Linear,identity,256,5,[],[],[],"{2: [0, 1, 2, 4, 5], 4: [0, 1, 2, 4], 5: [0, 1, 2], 6: [0, 1, 2, 5], 7: [0, 1, 3, 4, 5], 8: [0, 3, 4], 9: [0, 2, 4], 10: [0, 1, 2, 3], 11: [0, 2, 3, 4]}",identity,identity,0,0.0,0.6423,0.0,500
3,imagenet-1k,facebook/deit-small-patch16-224,Adam,0.01,Linear,identity,256,5,[],[],[],"{2: [0, 1, 2, 4, 5], 4: [0, 1, 2, 4], 5: [0, 1, 2], 6: [0, 1, 2, 5], 7: [0, 1, 3, 4, 5], 8: [0, 3, 4], 9: [0, 2, 4], 10: [0, 1, 2, 3], 11: [0, 2, 3, 4]}",identity,identity,0,0.0,0.6439,0.0,500
1,imagenet-1k,facebook/deit-small-patch16-224,Adam,0.01,Linear,identity,256,5,[],[],[],"{5: [0, 1, 2, 3, 4], 6: [0, 1, 2, 4, 5], 7: [0, 1, 3, 4, 5], 8: [0, 3, 4], 9: [0, 2, 4], 10: [0, 1, 2, 3, 4], 11: [0, 1, 2, 3, 4]}",identity,identity,0,0.0,0.702,0.0,500
2,imagenet-1k,facebook/deit-small-patch16-224,Adam,0.01,Linear,identity,256,5,[],[],[],"{5: [0, 1, 2, 3, 4], 6: [0, 1, 2, 4, 5], 7: [0, 1, 3, 4, 5], 8: [0, 3, 4], 9: [0, 2, 4], 10: [0, 1, 2, 3, 4], 11: [0, 1, 2, 3, 4]}",identity,identity,0,0.0,0.6995,0.0,500
3,imagenet-1k,facebook/deit-small-patch16-224,Adam,0.01,Linear,identity,256,5,[],[],[],"{5: [0, 1, 2, 3, 4], 6: [0, 1, 2, 4, 5], 7: [0, 1, 3, 4, 5], 8: [0, 3, 4], 9: [0, 2, 4], 10: [0, 1, 2, 3, 4], 11: [0, 1, 2, 3, 4]}",identity,identity,0,0.0,0.7004,0.0,500
1,imagenet-1k,facebook/deit-small-patch16-224,Adam,0.01,Linear,identity,256,5,[],[],[],"{8: [0, 1, 3, 4, 5], 10: [0, 1, 2, 3, 4]}",identity,identity,0,0.0,0.7295,0.0,500
2,imagenet-1k,facebook/deit-small-patch16-224,Adam,0.01,Linear,identity,256,5,[],[],[],"{8: [0, 1, 3, 4, 5], 10: [0, 1, 2, 3, 4]}",identity,identity,0,0.0,0.73,0.0,500
3,imagenet-1k,facebook/deit-small-patch16-224,Adam,0.01,Linear,identity,256,5,[],[],[],"{8: [0, 1, 3, 4, 5], 10: [0, 1, 2, 3, 4]}",identity,identity,0,0.0,0.7334,0.0,500
1,imagenet-1k,facebook/deit-small-patch16-224,Adam,0.01,Linear,identity,256,5,[],[],[],"{8: [0, 1, 3, 4, 5]}",identity,identity,0,0.0,0.7336,0.0,500
2,imagenet-1k,facebook/deit-small-patch16-224,Adam,0.01,Linear,identity,256,5,[],[],[],"{8: [0, 1, 3, 4, 5]}",identity,identity,0,0.0,0.7336,0.0,500
3,imagenet-1k,facebook/deit-small-patch16-224,Adam,0.01,Linear,identity,256,5,[],[],[],"{8: [0, 1, 3, 4, 5]}",identity,identity,0,0.0,0.7338,0.0,500
1,imagenet-1k,facebook/deit-small-patch16-224,Adam,0.01,Linear,identity,256,5,[],[],[],{},identity,identity,0,0.7389,0.7389,0.0,500
2,imagenet-1k,facebook/deit-small-patch16-224,Adam,0.01,Linear,identity,256,5,[],[],[],{},identity,identity,0,0.7362,0.7362,0.0,500
3,imagenet-1k,facebook/deit-small-patch16-224,Adam,0.01,Linear,identity,256,5,[],[],[],{},identity,identity,0,0.7372,0.7372,0.0,500
