model,dataset,head_dict,total_heads_kept,accuracy_mean,accuracy_std,threshold,attention_head_saving,model_size
facebook/deit-small-patch16-224,cifar100,"{0: [0], 1: [0], 2: [0], 3: [0], 4: [0], 5: [0], 6: [0], 7: [0], 8: [0], 9: [0], 10: [0], 11: [0]}",12,0.26743333333333336,0.0024337899115029443,0.05,5.88,16.220000000000002
facebook/deit-small-patch16-224,cifar100,"{0: [0], 1: [0], 2: [0], 3: [0], 4: [0], 5: [0], 6: [0], 7: [0], 8: [0], 9: [0], 10: [0], 11: [0]}",12,0.26743333333333336,0.0024337899115029443,0.1,5.88,16.220000000000002
facebook/deit-small-patch16-224,cifar100,"{0: [0], 1: [0], 2: [0], 3: [0], 4: [0], 5: [0], 6: [0], 7: [0], 8: [0], 9: [0], 10: [0], 11: [0]}",12,0.26743333333333336,0.0024337899115029443,0.15,5.88,16.220000000000002
facebook/deit-small-patch16-224,cifar100,"{0: [0], 1: [0, 1, 2], 2: [0], 3: [0], 4: [0], 5: [0], 6: [0], 7: [0], 8: [0], 9: [0], 10: [0], 11: [0]}",14,0.2796,0.001473091986265615,0.2,5.684,16.416
facebook/deit-small-patch16-224,cifar100,"{0: [0], 1: [0, 1, 2], 2: [0], 3: [0], 4: [0], 5: [0], 6: [0], 7: [0], 8: [0], 9: [0], 10: [0], 11: [0]}",14,0.2796,0.001473091986265615,0.25,5.684,16.416
facebook/deit-small-patch16-224,cifar100,"{0: [0], 1: [0, 1, 2], 2: [0], 3: [0], 4: [0], 5: [0], 6: [0], 7: [0], 8: [0], 9: [0], 10: [0], 11: [0]}",14,0.2796,0.001473091986265615,0.3,5.684,16.416
facebook/deit-small-patch16-224,cifar100,"{0: [0], 1: [0, 1, 2], 2: [0, 5], 3: [0], 4: [0], 5: [0], 6: [0], 7: [0], 8: [0], 9: [0], 10: [0], 11: [0]}",15,0.29116666666666663,0.0024704925284917177,0.35,5.586,16.514000000000003
facebook/deit-small-patch16-224,cifar100,"{0: [0], 1: [0, 1, 2], 2: [0, 1, 5], 3: [0], 4: [0], 5: [0], 6: [0], 7: [0], 8: [0], 9: [0], 10: [0], 11: [0]}",16,0.2946666666666667,0.003843609414773226,0.4,5.488,16.612000000000002
facebook/deit-small-patch16-224,cifar100,"{0: [0], 1: [0, 1, 2], 2: [0, 1, 5], 3: [0], 4: [0], 5: [0], 6: [0], 7: [0], 8: [0], 9: [0], 10: [0], 11: [0]}",16,0.2946666666666667,0.003843609414773226,0.45,5.488,16.612000000000002
facebook/deit-small-patch16-224,cifar100,"{0: [0], 1: [0, 1, 2], 2: [0, 1, 4, 5], 3: [0], 4: [0], 5: [0, 2], 6: [0], 7: [0], 8: [0], 9: [0], 10: [0], 11: [0]}",18,0.3102333333333333,0.0005033222956847127,0.5,5.292,16.808
facebook/deit-small-patch16-224,cifar100,"{0: [0], 1: [0, 1, 2], 2: [0, 1, 4, 5], 3: [0], 4: [0, 2, 4], 5: [0, 2, 4], 6: [0, 5], 7: [0], 8: [0], 9: [0], 10: [0], 11: [0]}",22,0.3406,0.0031240998703626712,0.55,4.9,17.200000000000003
facebook/deit-small-patch16-224,cifar100,"{0: [0, 2], 1: [0, 1, 2], 2: [0, 1, 4, 5], 3: [0, 3], 4: [0, 2, 4], 5: [0, 1, 2], 6: [0, 3], 7: [0], 8: [0], 9: [0], 10: [0], 11: [0, 5]}",25,0.328,0.0011789826122551663,0.6,4.606,17.494
facebook/deit-small-patch16-224,cifar100,"{0: [0, 2], 1: [0, 1, 2], 2: [0, 1, 4, 5], 3: [0, 1, 4], 4: [0, 2, 4], 5: [0, 1, 2, 4], 6: [0, 3], 7: [0], 8: [0], 9: [0], 10: [0], 11: [0, 5]}",27,0.31670000000000004,0.0033719430600174637,0.65,4.41,17.69
facebook/deit-small-patch16-224,cifar100,"{0: [0, 2], 1: [0, 1, 2, 4], 2: [0, 1, 4, 5], 3: [0, 1, 2, 3, 4], 4: [0, 2, 4, 5], 5: [0, 1, 2, 4], 6: [0, 3, 4], 7: [0, 1, 3, 4], 8: [0], 9: [0], 10: [0], 11: [0, 5]}",35,0.3534333333333333,0.0018823743871327577,0.7,3.6260000000000003,18.474
facebook/deit-small-patch16-224,cifar100,"{0: [0, 2], 1: [0, 1, 2, 3, 4], 2: [0, 1, 4, 5], 3: [0, 1, 2, 3, 4], 4: [0, 1, 4, 5], 5: [0, 1, 2, 4, 5], 7: [0, 1, 3, 4], 8: [0, 1, 2, 4], 9: [0], 10: [0, 2], 11: [0, 5]}",44,0.42460000000000003,0.0028618176042508286,0.75,2.744,19.356
facebook/deit-small-patch16-224,cifar100,"{0: [0, 2], 3: [0, 1, 2, 3, 4], 7: [0, 1, 2, 3, 4], 10: [0, 2], 11: [0, 5]}",58,0.6974,0.0020074859899884743,0.8,1.372,20.728
facebook/deit-small-patch16-224,cifar100,"{0: [0, 2, 4], 10: [0, 1], 11: [0, 5]}",61,0.7033999999999999,0.0002645751311064299,0.85,1.078,21.022000000000002
facebook/deit-small-patch16-224,cifar100,"{0: [0, 2, 4], 10: [0, 1, 5], 11: [0, 3, 5]}",63,0.7012,0.00043588989435404483,0.9,0.882,21.218
facebook/deit-small-patch16-224,cifar100,"{0: [0, 1, 2, 4, 5]}",71,0.7082333333333333,0.0016441816606851127,0.95,0.098,22.002000000000002
facebook/deit-small-patch16-224,cifar100,{},72,0.7124666666666667,0.0004163331998932585,1.0,0.0,22.1
facebook/dinov2-base,cifar100,"{0: [0], 1: [0, 4], 2: [0], 3: [0, 2], 4: [0], 5: [0], 6: [0], 7: [0], 8: [0], 9: [0], 10: [0], 11: [0]}",14,0.0931,0.007794228634059947,0.05,25.48,60.519999999999996
facebook/dinov2-base,cifar100,"{0: [0], 1: [0, 1, 2], 2: [0], 3: [0, 1], 4: [0], 5: [0], 6: [0], 7: [0], 8: [0], 9: [0], 10: [0], 11: [0]}",15,0.09549999999999999,0.009656086163658656,0.1,25.284000000000002,60.715999999999994
facebook/dinov2-base,cifar100,"{0: [0], 1: [0, 1, 2, 3], 2: [0], 3: [0, 1], 4: [0, 3], 5: [0], 6: [0], 7: [0], 8: [0], 9: [0], 10: [0], 11: [0]}",17,0.09496666666666666,0.007950052410728707,0.15,24.892,61.108000000000004
facebook/dinov2-base,cifar100,"{0: [0], 1: [0, 1, 2, 3], 2: [0], 3: [0, 1], 4: [0, 3, 7], 5: [0], 6: [0], 7: [0], 8: [0], 9: [0], 10: [0], 11: [0]}",18,0.09573333333333334,0.008545369116271889,0.2,24.696,61.304
facebook/dinov2-base,cifar100,"{0: [0, 6, 7], 1: [0, 1, 2, 3], 2: [0, 2], 3: [0, 1, 8], 4: [0, 1, 3, 7], 5: [0], 6: [0], 7: [0], 8: [0], 9: [0], 10: [0], 11: [0]}",23,0.0966,0.008742997197757752,0.25,23.716,62.284
facebook/dinov2-base,cifar100,"{0: [0, 6, 7], 1: [0, 1, 2, 3], 2: [0, 2], 3: [0, 1, 2, 3, 8], 4: [0, 1, 3, 7, 8], 5: [0], 6: [0], 7: [0], 8: [0], 9: [0], 10: [0], 11: [0]}",26,0.09823333333333334,0.011359724175055184,0.3,23.128,62.872
facebook/dinov2-base,cifar100,"{0: [0, 2, 6, 7], 1: [0, 1, 2, 3], 2: [0, 2], 3: [0, 1, 2, 3, 8], 4: [0, 1, 3, 6], 5: [0], 6: [0], 7: [0], 8: [0], 9: [0], 10: [0], 11: [0]}",26,0.09899999999999999,0.014310485666112113,0.35,23.128,62.872
facebook/dinov2-base,cifar100,"{0: [0, 2, 6, 7], 1: [0, 1, 2, 3], 2: [0, 2], 3: [0, 1, 2, 3, 8], 4: [0, 1, 2, 3, 7], 5: [0], 6: [0], 7: [0, 4], 8: [0], 9: [0], 10: [0], 11: [0]}",28,0.0954,0.009340235543068497,0.4,22.736,63.263999999999996
facebook/dinov2-base,cifar100,"{0: [0, 2, 6, 7], 1: [0, 1, 2, 3, 5], 2: [0, 2], 3: [0, 1, 2, 3, 8], 4: [0, 1, 2, 3, 7], 5: [0], 6: [0, 1], 7: [0, 4], 8: [0], 9: [0], 10: [0], 11: [0]}",30,0.09249999999999999,0.014226383939708646,0.45,22.344,63.656
facebook/dinov2-base,cifar100,"{0: [0, 2, 6, 7, 9], 1: [0, 1, 2, 3, 5], 2: [0, 2], 3: [0, 1, 2, 3, 8], 4: [0, 1, 2, 3, 4, 6, 7], 5: [0], 6: [0, 1, 5], 7: [0, 4], 8: [0], 9: [0], 10: [0], 11: [0]}",34,0.09253333333333334,0.010598742063723096,0.5,21.560000000000002,64.44
facebook/dinov2-base,cifar100,"{0: [0, 1, 2, 6, 7, 9], 1: [0, 1, 2, 3, 5, 11], 2: [0, 2], 3: [0, 1, 2, 3, 8], 4: [0, 1, 2, 3, 4, 6, 7], 5: [0, 3], 6: [0, 1, 5], 7: [0, 4, 6], 8: [0], 9: [0], 10: [0], 11: [0]}",38,0.10006666666666668,0.013838472940802876,0.55,20.776,65.224
facebook/dinov2-base,cifar100,"{0: [0, 1, 2, 6, 7, 9], 1: [0, 1, 2, 3, 5, 8], 2: [0, 2, 8], 3: [0, 1, 2, 3, 8], 4: [0, 1, 2, 3, 4, 6, 7], 5: [0, 3, 5], 6: [0, 1, 5], 7: [0, 3, 4, 6], 8: [0], 9: [0], 10: [0], 11: [0]}",41,0.09703333333333335,0.02244378161837558,0.6,20.188000000000002,65.812
facebook/dinov2-base,cifar100,"{0: [0, 1, 2, 6, 7, 9], 1: [0, 1, 2, 3, 4, 5, 8], 2: [0, 2, 8], 3: [0, 1, 2, 3, 8], 4: [0, 1, 2, 3, 4, 6, 7], 5: [0, 3, 4, 5, 10], 6: [0, 1, 5], 7: [0, 3, 4, 6, 7, 10], 8: [0], 9: [0, 11], 10: [0], 11: [0]}",47,0.1203,0.015881120867243595,0.65,19.012,66.988
facebook/dinov2-base,cifar100,"{0: [0, 1, 2, 6, 7, 9], 1: [0, 1, 2, 3, 4, 5, 8, 11], 2: [0, 2, 8], 3: [0, 1, 2, 3, 4, 6, 7, 8], 4: [0, 1, 2, 3, 4, 6, 7], 5: [0, 3, 4, 5, 6, 9, 10], 6: [0, 1, 4, 5], 7: [0, 2, 3, 4, 6, 9, 10], 8: [0, 4, 9], 9: [0, 1, 11], 10: [0, 10], 11: [0]}",59,0.17306666666666667,0.01695651300631512,0.7,16.66,69.34
facebook/dinov2-base,cifar100,"{0: [0, 1, 2, 6, 7, 8, 9], 1: [0, 1, 2, 3, 4, 5, 8, 11], 2: [0, 2, 7, 8], 3: [0, 1, 2, 3, 4, 5, 6, 7, 8], 4: [0, 1, 2, 3, 4, 5, 6, 7, 9], 5: [0, 2, 3, 4, 5, 6, 7, 9, 10], 6: [0, 1, 3, 4, 5], 7: [0, 1, 2, 3, 4, 6, 7, 9, 10, 11], 8: [0, 1, 2, 4, 7, 9], 9: [0, 1, 2, 4, 6, 10], 10: [0, 1, 3, 10], 11: [0, 3, 6]}",80,0.2916666666666667,0.019129122649335837,0.75,12.544,73.456
facebook/dinov2-base,cifar100,"{0: [0, 1, 2, 4, 6, 7, 8, 9, 11], 1: [0, 1, 2, 3, 4, 5, 8, 9, 10, 11], 2: [0, 2, 5, 7, 8, 9], 3: [0, 1, 2, 3, 4, 5, 6, 7, 8, 9], 4: [0, 1, 2, 3, 4, 5, 6, 7, 8, 9], 5: [0, 1, 2, 3, 4, 5, 6, 7, 8, 9, 10], 6: [0, 1, 3, 4, 5, 11], 7: [0, 1, 2, 3, 4, 6, 7, 9, 10, 11], 8: [0, 1, 2, 3, 4, 5, 6, 7, 8, 9, 10], 9: [0, 1, 2, 3, 4, 5, 6, 7, 9, 10], 10: [0, 1, 2, 3, 5, 7, 9, 11], 11: [0, 3, 6]}",104,0.4223666666666667,0.021724256795879877,0.8,7.84,78.16
facebook/dinov2-base,cifar100,"{0: [0, 1, 2, 4, 5, 6, 7, 8, 9, 10, 11], 1: [0, 1, 2, 3, 4, 5, 7, 8, 9, 10, 11], 2: [0, 2, 5, 7, 8, 9, 10], 3: [0, 1, 2, 3, 4, 5, 6, 7, 8, 9, 10], 4: [0, 1, 2, 3, 4, 5, 6, 7, 8, 9], 5: [0, 1, 2, 3, 4, 5, 6, 7, 8, 9, 10], 6: [0, 1, 2, 3, 4, 5, 6, 7, 9, 11], 7: [0, 1, 2, 3, 4, 5, 6, 7, 9, 10, 11], 10: [0, 1, 2, 3, 4, 5, 6, 7, 9, 11], 11: [0, 2, 3, 6]}",120,0.6121666666666666,0.0038850139424889984,0.85,4.704000000000001,81.29599999999999
facebook/dinov2-base,cifar100,"{1: [0, 1, 2, 3, 4, 5, 7, 8, 9, 10, 11], 2: [0, 1, 2, 3, 4, 5, 6, 7, 8, 9, 10], 11: [0, 1, 2, 3, 4, 5, 6, 7, 8, 9, 11]}",141,0.8720333333333333,0.001625833119767604,0.9,0.5880000000000001,85.412
facebook/dinov2-base,cifar100,{},144,0.8720666666666667,0.0047427137098219625,0.95,0.0,86.0
facebook/dinov2-base,cifar100,{},144,0.8720666666666667,0.0047427137098219625,1.0,0.0,86.0
google/vit-large-patch16-224,cifar100,"{0: [0], 1: [0], 2: [0], 3: [0], 4: [0], 5: [0], 6: [0], 7: [0], 8: [0], 9: [0], 10: [0], 11: [0], 12: [0], 13: [0], 14: [0], 15: [0], 16: [0], 17: [0], 18: [0], 19: [0], 20: [0], 21: [0], 22: [0], 23: [0]}",24,0.2616,0.005121523210920722,0.05,94.32000000000001,212.68
google/vit-large-patch16-224,cifar100,"{0: [0], 1: [0, 1, 7], 2: [0, 3, 11], 3: [0], 4: [0], 5: [0], 6: [0], 7: [0], 8: [0], 9: [0], 10: [0], 11: [0], 12: [0], 13: [0], 14: [0], 15: [0], 16: [0], 17: [0], 18: [0], 19: [0], 20: [0], 21: [0], 22: [0], 23: [0]}",28,0.2618,0.007092954250522139,0.1,93.272,213.728
google/vit-large-patch16-224,cifar100,"{0: [0, 5], 1: [0, 1, 7], 2: [0, 3, 5, 11], 3: [0, 14], 4: [0], 5: [0], 6: [0], 7: [0], 8: [0], 9: [0], 10: [0], 11: [0], 12: [0], 13: [0], 14: [0], 15: [0], 16: [0], 17: [0], 18: [0], 19: [0], 20: [0], 21: [0], 22: [0], 23: [0]}",31,0.27573333333333333,0.009383140909809106,0.15,92.486,214.514
google/vit-large-patch16-224,cifar100,"{0: [0, 5], 1: [0, 1, 7], 2: [0, 2, 3, 11], 3: [0, 14], 4: [0], 5: [0], 6: [0], 7: [0], 8: [0], 9: [0], 10: [0], 11: [0], 12: [0], 13: [0], 14: [0], 15: [0], 16: [0], 17: [0], 18: [0], 19: [0], 20: [0], 21: [0], 22: [0], 23: [0]}",31,0.26313333333333333,0.008800189391901327,0.2,92.486,214.514
google/vit-large-patch16-224,cifar100,"{0: [0, 5], 1: [0, 1, 7], 2: [0, 1, 3, 11], 3: [0, 14], 4: [0], 5: [0], 6: [0], 7: [0], 8: [0], 9: [0], 10: [0], 11: [0], 12: [0], 13: [0], 14: [0], 15: [0], 16: [0], 17: [0], 18: [0], 19: [0], 20: [0], 21: [0], 22: [0], 23: [0]}",31,0.2625,0.010737318100903958,0.25,92.486,214.514
google/vit-large-patch16-224,cifar100,"{0: [0, 5], 1: [0, 1, 7], 2: [0, 1, 3, 11], 3: [0, 7, 14], 4: [0, 4], 5: [0], 6: [0], 7: [0], 8: [0], 9: [0], 10: [0], 11: [0], 12: [0], 13: [0], 14: [0], 15: [0], 16: [0], 17: [0], 18: [0], 19: [0], 20: [0], 21: [0], 22: [0], 23: [0]}",33,0.26356666666666667,0.008434650753489028,0.3,91.962,215.038
google/vit-large-patch16-224,cifar100,"{0: [0, 5, 9], 1: [0, 1, 7, 10], 2: [0, 1, 3, 11], 3: [0, 7, 14], 4: [0, 4], 5: [0], 6: [0], 7: [0], 8: [0], 9: [0], 10: [0], 11: [0], 12: [0], 13: [0], 14: [0], 15: [0], 16: [0], 17: [0], 18: [0], 19: [0], 20: [0], 21: [0], 22: [0], 23: [0]}",35,0.2880666666666667,0.003728717384481346,0.35,91.438,215.562
google/vit-large-patch16-224,cifar100,"{0: [0, 5, 9], 1: [0, 1, 7, 10], 2: [0, 1, 3, 11], 3: [0, 7, 14], 4: [0, 4], 5: [0], 6: [0], 7: [0], 8: [0], 9: [0], 10: [0], 11: [0], 12: [0], 13: [0], 14: [0], 15: [0], 16: [0], 17: [0], 18: [0], 19: [0], 20: [0], 21: [0], 22: [0], 23: [0]}",35,0.2880666666666667,0.003728717384481346,0.4,91.438,215.562
google/vit-large-patch16-224,cifar100,"{0: [0, 5, 8], 1: [0, 1, 7, 10], 2: [0, 1, 3, 11], 3: [0, 7, 14], 4: [0, 2, 3], 5: [0, 1, 2], 6: [0], 7: [0], 8: [0], 9: [0], 10: [0], 11: [0], 12: [0], 13: [0], 14: [0], 15: [0], 16: [0], 17: [0], 18: [0], 19: [0], 20: [0], 21: [0], 22: [0], 23: [0]}",38,0.29563333333333336,0.004252450274057693,0.45,90.652,216.348
google/vit-large-patch16-224,cifar100,"{0: [0, 4, 5, 9], 1: [0, 1, 7, 10], 2: [0, 1, 3, 11], 3: [0, 7, 8, 14], 4: [0, 2, 3, 4], 5: [0, 1, 2, 4, 13], 6: [0, 14], 7: [0, 3], 8: [0, 6], 9: [0, 4], 10: [0], 11: [0], 12: [0], 13: [0], 14: [0], 15: [0], 16: [0], 17: [0], 18: [0], 19: [0], 20: [0], 21: [0], 22: [0], 23: [0]}",47,0.27373333333333333,0.006425988899253837,0.5,88.294,218.70600000000002
google/vit-large-patch16-224,cifar100,"{0: [0, 1, 5], 1: [0, 1, 4, 7, 10], 2: [0, 1, 3, 5, 10, 11], 3: [0, 7, 8, 14], 4: [0, 2, 3, 4, 7], 5: [0, 1, 2, 4, 13], 6: [0, 10, 12, 14], 7: [0, 3, 7], 8: [0, 6, 8], 9: [0, 4], 10: [0, 8, 15], 11: [0], 12: [0], 13: [0], 14: [0], 15: [0], 16: [0], 17: [0], 18: [0], 19: [0], 20: [0], 21: [0], 22: [0], 23: [0]}",56,0.2986666666666667,0.0033650160970392856,0.55,85.936,221.064
google/vit-large-patch16-224,cifar100,"{0: [0, 1, 5, 9], 1: [0, 1, 4, 7, 8, 10], 2: [0, 1, 3, 5, 8, 11], 3: [0, 1, 3, 7, 10, 14], 4: [0, 2, 3, 4, 5, 6, 7, 13], 5: [0, 1, 2, 4, 9, 13, 15], 6: [0, 1, 10, 11, 14, 15], 7: [0, 3, 7, 12], 8: [0, 6, 8], 9: [0, 1], 10: [0, 3, 4, 8], 11: [0], 12: [0], 13: [0], 14: [0], 15: [0], 16: [0], 17: [0], 18: [0], 19: [0], 20: [0], 21: [0], 22: [0], 23: [0]}",69,0.39873333333333333,0.0041016256939576095,0.6,82.53,224.47
google/vit-large-patch16-224,cifar100,"{0: [0, 1, 4, 5, 9, 11], 1: [0, 1, 3, 7, 8], 2: [0, 1, 2, 3, 5, 8, 11, 15], 3: [0, 1, 2, 3, 5, 7, 8, 14, 15], 4: [0, 1, 2, 3, 4, 5, 6, 7, 11, 13, 14], 5: [0, 1, 2, 4, 6, 7, 11, 13, 15], 6: [0, 1, 5, 6, 10, 11, 14, 15], 7: [0, 3, 4, 7, 9], 8: [0, 2, 5, 6, 9, 11], 9: [0, 1, 6], 10: [0, 2, 3, 4, 8], 11: [0, 2, 5], 12: [0], 13: [0], 14: [0], 15: [0], 16: [0], 17: [0], 18: [0], 19: [0], 20: [0], 21: [0], 22: [0], 23: [0]}",90,0.4680333333333333,0.0017097758137642925,0.65,77.028,229.97199999999998
google/vit-large-patch16-224,cifar100,"{0: [0, 1, 3, 4, 5, 6, 9, 15], 1: [0, 1, 3, 7, 8, 9, 10, 11, 12, 13], 2: [0, 1, 2, 3, 5, 6, 8, 9, 10, 11, 12, 13, 15], 3: [0, 1, 2, 3, 5, 7, 8, 9, 10, 13, 14, 15], 4: [0, 1, 2, 3, 4, 5, 6, 7, 9, 11, 14], 5: [0, 1, 2, 4, 5, 6, 7, 8, 10, 11, 13, 15], 6: [0, 1, 2, 3, 4, 5, 6, 7, 8, 10, 11, 14, 15], 7: [0, 1, 3, 6, 7, 9, 10, 11, 12, 13], 8: [0, 1, 2, 3, 5, 6, 7, 8, 10, 11, 12, 13], 9: [0, 1, 2, 3, 4, 6, 8, 12, 14], 10: [0, 2, 3, 4, 5, 8, 9, 10], 11: [0, 1, 2, 7], 12: [0, 6], 13: [0, 15], 14: [0], 15: [0], 16: [0], 17: [0], 18: [0], 19: [0], 20: [0], 21: [0], 22: [0], 23: [0, 6]}",137,0.6176,0.0028618176042508607,0.7,64.714,242.286
google/vit-large-patch16-224,cifar100,"{0: [0, 1, 2, 3, 4, 5, 6, 9, 15], 1: [0, 1, 3, 5, 7, 8, 9, 10, 11, 12, 13], 2: [0, 1, 2, 3, 4, 5, 6, 8, 10, 11, 12, 13, 14], 4: [0, 1, 2, 3, 4, 5, 6, 7, 8, 9, 10, 11, 13, 14], 5: [0, 1, 2, 4, 5, 6, 7, 8, 9, 10, 11, 13, 15], 6: [0, 1, 2, 3, 4, 5, 6, 7, 8, 10, 11, 12, 14, 15], 7: [0, 1, 2, 3, 4, 5, 6, 7, 9, 10, 11, 12, 13, 14], 8: [0, 1, 2, 3, 4, 5, 6, 7, 8, 9, 10, 11, 12, 13], 9: [0, 1, 2, 3, 4, 6, 7, 8, 9, 12, 14, 15], 10: [0, 2, 3, 4, 5, 8, 9, 10, 11, 12, 13, 14, 15], 11: [0, 1, 2, 3, 7, 9, 10, 15], 12: [0, 3, 6, 9], 13: [0, 1, 13, 15], 14: [0, 5], 15: [0], 16: [0], 17: [0, 1], 18: [0], 19: [0], 20: [0], 21: [0], 22: [0], 23: [0, 3, 13, 14]}",174,0.6855333333333333,0.008592050589546927,0.75,55.02,251.98
google/vit-large-patch16-224,cifar100,"{0: [0, 1, 2, 3, 4, 5, 6, 8, 9, 15], 1: [0, 1, 2, 3, 4, 5, 7, 8, 9, 10, 11, 12, 13, 14, 15], 2: [0, 1, 2, 3, 4, 5, 6, 8, 9, 10, 11, 12, 13, 14, 15], 5: [0, 1, 2, 3, 4, 5, 6, 7, 8, 9, 10, 11, 13, 14, 15], 7: [0, 1, 2, 3, 4, 5, 6, 7, 8, 9, 10, 11, 12, 13, 14], 8: [0, 1, 2, 3, 4, 5, 6, 7, 8, 9, 10, 11, 12, 13, 14], 11: [0, 1, 2, 3, 4, 6, 7, 8, 9, 10, 11, 12, 15], 12: [0, 1, 2, 3, 4, 5, 6, 7, 8, 9, 11, 12, 14], 13: [0, 1, 2, 5, 8, 10, 11, 13, 15], 14: [0, 1, 5, 7, 8, 9, 10, 11, 12, 13], 15: [0, 1, 6, 9], 16: [0, 5, 6, 10, 15], 17: [0, 1, 7], 18: [0], 19: [0], 20: [0], 21: [0], 22: [0], 23: [0, 2, 10, 11, 13, 14]}",233,0.7908666666666667,0.012333018013987231,0.8,39.562000000000005,267.438
google/vit-large-patch16-224,cifar100,"{0: [0, 1, 2, 3, 4, 5, 6, 8, 9, 10, 15], 5: [0, 1, 2, 3, 4, 5, 6, 7, 8, 9, 10, 11, 13, 14, 15], 14: [0, 1, 2, 3, 4, 5, 7, 8, 9, 10, 11, 12, 13, 14, 15], 15: [0, 1, 2, 4, 5, 6, 8, 9, 10, 11, 12, 13, 14, 15], 16: [0, 1, 2, 3, 4, 5, 6, 7, 8, 9, 10, 11, 12, 13, 15], 17: [0, 1, 2, 3, 6, 7, 8, 10, 12, 14, 15], 18: [0, 2, 3, 7, 9, 14], 19: [0, 6, 8, 13, 14, 15], 20: [0], 21: [0, 13], 22: [0, 5], 23: [0, 2, 6, 7, 10, 11, 13, 14, 15]}",299,0.8426333333333332,0.0027537852736430803,0.85,22.27,284.73
google/vit-large-patch16-224,cifar100,"{0: [0, 1, 2, 3, 4, 5, 6, 8, 9, 10, 11, 12, 14, 15], 20: [0, 1, 2, 3, 4, 5, 6, 7, 8, 9, 10, 11, 12, 13, 15], 21: [0, 1, 2, 3, 4, 5, 6, 7, 8, 9, 11, 12, 13, 14, 15], 22: [0, 1, 2, 5, 6, 7, 8, 10, 13, 14]}",374,0.8634333333333334,0.0026312227829154104,0.9,2.62,304.38
google/vit-large-patch16-224,cifar100,{},384,0.8637333333333334,0.002514623895005656,0.95,0.0,307.0
google/vit-large-patch16-224,cifar100,{},384,0.8637333333333334,0.002514623895005656,1.0,0.0,307.0
facebook/deit-small-patch16-224,imagenet-1k,"{0: [0], 1: [0], 2: [0], 3: [0], 4: [0], 5: [0], 6: [0], 7: [0], 8: [0], 9: [0], 10: [0], 11: [0]}",12,0.07996666666666667,0.001115048578911844,0.05,5.88,16.220000000000002
facebook/deit-small-patch16-224,imagenet-1k,"{0: [0], 1: [0], 2: [0], 3: [0], 4: [0], 5: [0], 6: [0], 7: [0], 8: [0], 9: [0], 10: [0], 11: [0]}",12,0.07996666666666667,0.001115048578911844,0.1,5.88,16.220000000000002
facebook/deit-small-patch16-224,imagenet-1k,"{0: [0], 1: [0], 2: [0], 3: [0], 4: [0], 5: [0], 6: [0], 7: [0], 8: [0], 9: [0], 10: [0], 11: [0]}",12,0.07996666666666667,0.001115048578911844,0.15,5.88,16.220000000000002
facebook/deit-small-patch16-224,imagenet-1k,"{0: [0], 1: [0, 1, 2], 2: [0], 3: [0], 4: [0], 5: [0], 6: [0], 7: [0], 8: [0], 9: [0], 10: [0], 11: [0]}",14,0.0883,0.0021377558326431895,0.2,5.684,16.416
facebook/deit-small-patch16-224,imagenet-1k,"{0: [0], 1: [0, 1, 2], 2: [0], 3: [0], 4: [0], 5: [0], 6: [0], 7: [0], 8: [0], 9: [0], 10: [0], 11: [0]}",14,0.0883,0.0021377558326431895,0.25,5.684,16.416
facebook/deit-small-patch16-224,imagenet-1k,"{0: [0], 1: [0, 1, 2], 2: [0], 3: [0], 4: [0], 5: [0], 6: [0], 7: [0], 8: [0], 9: [0], 10: [0], 11: [0]}",14,0.0883,0.0021377558326431895,0.3,5.684,16.416
facebook/deit-small-patch16-224,imagenet-1k,"{0: [0], 1: [0, 1, 2], 2: [0, 5], 3: [0], 4: [0], 5: [0], 6: [0], 7: [0], 8: [0], 9: [0], 10: [0], 11: [0]}",15,0.09506666666666667,0.000550757054728619,0.35,5.586,16.514000000000003
facebook/deit-small-patch16-224,imagenet-1k,"{0: [0], 1: [0, 1, 2], 2: [0, 5], 3: [0], 4: [0], 5: [0], 6: [0], 7: [0], 8: [0], 9: [0], 10: [0], 11: [0]}",15,0.09506666666666667,0.000550757054728619,0.4,5.586,16.514000000000003
facebook/deit-small-patch16-224,imagenet-1k,"{0: [0], 1: [0, 1, 2], 2: [0, 1, 5], 3: [0], 4: [0], 5: [0, 2], 6: [0], 7: [0], 8: [0], 9: [0], 10: [0], 11: [0]}",17,0.10203333333333332,0.002059935274064051,0.45,5.390000000000001,16.71
facebook/deit-small-patch16-224,imagenet-1k,"{0: [0], 1: [0, 1, 2], 2: [0, 1, 5], 3: [0], 4: [0, 2, 4], 5: [0, 2], 6: [0], 7: [0], 8: [0], 9: [0], 10: [0], 11: [0, 5]}",20,0.13476666666666667,0.0014843629385474725,0.5,5.096,17.004
facebook/deit-small-patch16-224,imagenet-1k,"{0: [0], 1: [0, 1, 2], 2: [0, 1, 4, 5], 3: [0], 4: [0, 2, 4], 5: [0, 2], 6: [0, 5], 7: [0], 8: [0], 9: [0], 10: [0], 11: [0, 5]}",22,0.1595,0.002762245463386629,0.55,4.9,17.200000000000003
facebook/deit-small-patch16-224,imagenet-1k,"{0: [0], 1: [0, 1, 2], 2: [0, 1, 4, 5], 3: [0, 5], 4: [0, 2, 4], 5: [0, 2, 4], 6: [0, 3], 7: [0], 8: [0], 9: [0], 10: [0], 11: [0, 5]}",24,0.17036666666666667,0.0020744477176668765,0.6,4.704000000000001,17.396
facebook/deit-small-patch16-224,imagenet-1k,"{0: [0, 2], 1: [0, 1, 2, 4], 2: [0, 1, 4, 5], 3: [0, 2], 4: [0, 2, 4, 5], 5: [0, 1, 2, 4], 6: [0, 3], 7: [0, 1, 4], 8: [0], 9: [0], 10: [0], 11: [0, 5]}",30,0.28626666666666667,0.0030088757590391417,0.65,4.1160000000000005,17.984
facebook/deit-small-patch16-224,imagenet-1k,"{0: [0, 2], 1: [0, 1, 2, 4], 2: [0, 1, 4, 5], 3: [0, 2, 3, 4], 4: [0, 1, 4, 5], 5: [0, 1, 2, 4], 6: [0, 3, 4], 7: [0, 1, 3, 4], 8: [0], 9: [0, 2], 10: [0], 11: [0, 5]}",35,0.31616666666666665,0.0047120413127787145,0.7,3.6260000000000003,18.474
facebook/deit-small-patch16-224,imagenet-1k,"{0: [0, 2, 4], 1: [0, 1, 2, 3, 4], 2: [0, 1, 4, 5], 3: [0, 1, 2, 3, 4], 5: [0, 1, 2, 4, 5], 7: [0, 1, 2, 3, 4], 9: [0, 1, 2, 3, 4], 10: [0], 11: [0, 5]}",53,0.5441666666666666,0.001604161255402065,0.75,1.862,20.238
facebook/deit-small-patch16-224,imagenet-1k,"{0: [0, 2, 4], 10: [0, 2], 11: [0, 5]}",61,0.7233666666666667,0.0018230011885166978,0.8,1.078,21.022000000000002
facebook/deit-small-patch16-224,imagenet-1k,"{0: [0, 2, 4], 10: [0, 1], 11: [0, 5]}",61,0.7229000000000001,0.001452583904633385,0.85,1.078,21.022000000000002
facebook/deit-small-patch16-224,imagenet-1k,"{0: [0, 2, 4, 5], 11: [0, 3, 5]}",67,0.7357333333333335,0.0010066445913694327,0.9,0.49,21.610000000000003
facebook/deit-small-patch16-224,imagenet-1k,{},72,0.7374333333333333,0.0013650396819628716,0.95,0.0,22.1
facebook/deit-small-patch16-224,imagenet-1k,{},72,0.7374333333333333,0.0013650396819628716,1.0,0.0,22.1
facebook/dinov2-base,imagenet-1k,"{0: [0], 1: [0], 2: [0], 3: [0, 2], 4: [0], 5: [0], 6: [0], 7: [0], 8: [0], 9: [0], 10: [0], 11: [0]}",13,0.0112,0.003686461718233352,0.05,25.676000000000002,60.324
facebook/dinov2-base,imagenet-1k,"{0: [0], 1: [0, 1, 2], 2: [0], 3: [0, 1], 4: [0], 5: [0], 6: [0], 7: [0], 8: [0], 9: [0], 10: [0], 11: [0]}",15,0.011233333333333333,0.004352393977265079,0.1,25.284000000000002,60.715999999999994
facebook/dinov2-base,imagenet-1k,"{0: [0], 1: [0, 1, 2], 2: [0], 3: [0, 1], 4: [0], 5: [0], 6: [0], 7: [0], 8: [0], 9: [0], 10: [0], 11: [0]}",15,0.011233333333333333,0.004352393977265079,0.15,25.284000000000002,60.715999999999994
facebook/dinov2-base,imagenet-1k,"{0: [0, 1, 6], 1: [0, 1, 2, 3], 2: [0], 3: [0, 1], 4: [0], 5: [0], 6: [0], 7: [0], 8: [0], 9: [0], 10: [0], 11: [0]}",18,0.011066666666666667,0.003924708057083143,0.2,24.696,61.304
facebook/dinov2-base,imagenet-1k,"{0: [0, 1, 6, 7], 1: [0, 1, 2, 3], 2: [0], 3: [0, 1, 2, 8], 4: [0, 3], 5: [0], 6: [0], 7: [0], 8: [0], 9: [0], 10: [0], 11: [0]}",22,0.0112,0.0033778691508109084,0.25,23.912000000000003,62.087999999999994
facebook/dinov2-base,imagenet-1k,"{0: [0, 1, 6, 7], 1: [0, 1, 2, 3, 5], 2: [0], 3: [0, 1, 2, 8], 4: [0, 3, 4], 5: [0], 6: [0], 7: [0], 8: [0], 9: [0], 10: [0], 11: [0]}",24,0.0114,0.004457577817604534,0.3,23.52,62.480000000000004
facebook/dinov2-base,imagenet-1k,"{0: [0, 1, 6, 7], 1: [0, 1, 2, 3, 5], 2: [0, 2], 3: [0, 1, 2, 8], 4: [0, 3, 4], 5: [0], 6: [0], 7: [0], 8: [0], 9: [0], 10: [0], 11: [0]}",25,0.010433333333333334,0.003685557397915996,0.35,23.324,62.676
facebook/dinov2-base,imagenet-1k,"{0: [0, 1, 6, 7, 9], 1: [0, 1, 2, 3, 5], 2: [0, 2], 3: [0, 1, 2, 3, 8], 4: [0, 1, 3, 6], 5: [0], 6: [0], 7: [0], 8: [0], 9: [0], 10: [0], 11: [0]}",28,0.015,0.0020223748416156677,0.4,22.736,63.263999999999996
facebook/dinov2-base,imagenet-1k,"{0: [0, 1, 6, 7, 8, 9], 1: [0, 1, 2, 3, 5], 2: [0, 2], 3: [0, 1, 2, 3, 8], 4: [0, 1, 3, 4, 8], 5: [0], 6: [0, 1, 5], 7: [0, 4], 8: [0], 9: [0], 10: [0], 11: [0]}",33,0.013366666666666667,0.0038798625405203893,0.45,21.756,64.244
facebook/dinov2-base,imagenet-1k,"{0: [0, 1, 6, 7, 8, 9, 11], 1: [0, 1, 2, 3, 5], 2: [0, 2], 3: [0, 1, 2, 3, 8], 4: [0, 1, 2, 3, 4, 7], 5: [0], 6: [0, 1, 5], 7: [0, 4], 8: [0], 9: [0], 10: [0], 11: [0]}",35,0.013833333333333331,0.004535783651513079,0.5,21.364,64.636
facebook/dinov2-base,imagenet-1k,"{0: [0, 1, 6, 7, 8, 9, 11], 1: [0, 1, 2, 3, 4], 2: [0, 2], 3: [0, 1, 2, 3, 8], 4: [0, 1, 2, 3, 4, 6, 7], 5: [0, 3], 6: [0, 1, 5], 7: [0, 4], 8: [0], 9: [0], 10: [0], 11: [0]}",37,0.012000000000000002,0.003304542328371661,0.55,20.972,65.02799999999999
facebook/dinov2-base,imagenet-1k,"{0: [0, 1, 2, 4, 6, 7, 8, 9], 1: [0, 1, 2, 3, 4, 8], 2: [0, 2, 8], 3: [0, 1, 2, 3, 8], 4: [0, 1, 2, 3, 4, 6, 7], 5: [0, 3], 6: [0, 1, 5], 7: [0, 3, 6, 7], 8: [0], 9: [0], 10: [0], 11: [0]}",42,0.01576666666666667,0.004140450861118064,0.6,19.992,66.008
facebook/dinov2-base,imagenet-1k,"{0: [0, 1, 2, 3, 6, 7, 8, 9], 1: [0, 1, 2, 3, 4, 5, 8], 2: [0, 2, 8], 3: [0, 1, 2, 3, 8, 11], 4: [0, 1, 2, 3, 4, 6, 7], 5: [0, 3, 4, 5, 10, 11], 6: [0, 1, 5], 7: [0, 3, 4, 6, 7, 9, 10], 8: [0, 5], 9: [0], 10: [0], 11: [0]}",52,0.024666666666666667,0.003484728588187801,0.65,18.032,67.968
facebook/dinov2-base,imagenet-1k,"{0: [0, 1, 2, 3, 4, 6, 7, 8, 9], 1: [0, 1, 2, 3, 4, 5, 8, 10, 11], 2: [0, 2, 7, 8], 3: [0, 1, 2, 3, 7, 8], 4: [0, 1, 2, 3, 4, 5, 6, 7, 8], 5: [0, 3, 4, 5, 6, 7, 9, 10], 6: [0, 1, 4, 5], 7: [0, 2, 3, 4, 6, 9, 10], 8: [0, 5, 9], 9: [0, 1, 6, 11], 10: [0, 10], 11: [0, 3, 9]}",68,0.08133333333333333,0.003538832199092422,0.7,14.896,71.104
facebook/dinov2-base,imagenet-1k,"{0: [0, 1, 2, 3, 4, 5, 6, 7, 8, 9], 1: [0, 1, 2, 3, 4, 5, 8, 9, 10, 11], 2: [0, 2, 7, 8], 3: [0, 1, 2, 3, 4, 6, 7, 8], 4: [0, 1, 2, 3, 4, 5, 6, 7, 8, 9], 5: [0, 2, 3, 4, 5, 6, 7, 9, 10], 6: [0, 1, 3, 4, 5], 7: [0, 1, 2, 3, 4, 6, 7, 9, 10, 11], 8: [0, 1, 3, 4, 5, 7, 9], 9: [0, 1, 2, 4, 6, 7, 9, 10], 10: [0, 1, 3, 10], 11: [0, 3, 6]}",88,0.22863333333333333,0.007788666980512985,0.75,10.976,75.024
facebook/dinov2-base,imagenet-1k,"{0: [0, 1, 2, 3, 4, 5, 6, 7, 8, 9, 11], 1: [0, 1, 2, 3, 4, 5, 8, 9, 10, 11], 2: [0, 2, 7, 8, 9, 10], 3: [0, 1, 2, 3, 4, 5, 6, 7, 8, 9], 4: [0, 1, 2, 3, 4, 5, 6, 7, 8, 9], 5: [0, 1, 2, 3, 4, 5, 6, 7, 8, 9, 10], 6: [0, 1, 3, 4, 5, 7, 11], 7: [0, 1, 2, 3, 4, 6, 7, 9, 10, 11], 9: [0, 1, 2, 3, 4, 5, 6, 7, 9, 10, 11], 10: [0, 1, 2, 5, 7, 8, 9, 11], 11: [0, 1, 3, 6, 8]}",111,0.5529666666666667,0.005704676444228278,0.8,6.468,79.532
facebook/dinov2-base,imagenet-1k,"{0: [0, 1, 2, 3, 4, 5, 6, 7, 8, 9, 11], 1: [0, 1, 2, 3, 4, 5, 6, 8, 9, 10, 11], 2: [0, 2, 7, 8, 9, 10], 3: [0, 1, 2, 3, 4, 5, 6, 7, 8, 9, 10], 4: [0, 1, 2, 3, 4, 5, 6, 7, 8, 9, 11], 6: [0, 1, 2, 3, 4, 5, 6, 7, 9, 10, 11], 10: [0, 1, 2, 3, 4, 5, 6, 7, 8, 9, 11], 11: [0, 1, 2, 3, 4, 6, 8]}",127,0.7002,0.008195730595865086,0.85,3.3320000000000003,82.668
facebook/dinov2-base,imagenet-1k,"{0: [0, 1, 2, 3, 4, 5, 6, 7, 8, 9, 11], 1: [0, 1, 2, 3, 4, 5, 6, 8, 9, 10, 11], 2: [0, 1, 2, 3, 4, 5, 6, 7, 8, 9, 10]}",141,0.7427333333333334,0.0046522396040329615,0.9,0.5880000000000001,85.412
facebook/dinov2-base,imagenet-1k,{},144,0.7418,0.0007549834435271022,0.95,0.0,86.0
facebook/dinov2-base,imagenet-1k,{},144,0.7418,0.0007549834435271022,1.0,0.0,86.0
google/vit-large-patch16-224,imagenet-1k,"{0: [0], 1: [0], 2: [0], 3: [0], 4: [0], 5: [0], 6: [0], 7: [0], 8: [0], 9: [0], 10: [0], 11: [0], 12: [0], 13: [0], 14: [0], 15: [0], 16: [0], 17: [0], 18: [0], 19: [0], 20: [0], 21: [0], 22: [0], 23: [0]}",24,0.05723333333333333,0.0020207259421636922,0.05,94.32000000000001,212.68
google/vit-large-patch16-224,imagenet-1k,"{0: [0, 5], 1: [0, 1, 7], 2: [0, 3, 11], 3: [0], 4: [0], 5: [0], 6: [0], 7: [0], 8: [0], 9: [0], 10: [0], 11: [0], 12: [0], 13: [0], 14: [0], 15: [0], 16: [0], 17: [0], 18: [0], 19: [0], 20: [0], 21: [0], 22: [0], 23: [0]}",29,0.05676666666666667,0.0011676186592091316,0.1,93.01,213.99
google/vit-large-patch16-224,imagenet-1k,"{0: [0, 5], 1: [0, 1, 7], 2: [0, 2, 3, 11], 3: [0, 14], 4: [0], 5: [0], 6: [0], 7: [0], 8: [0], 9: [0], 10: [0], 11: [0], 12: [0], 13: [0], 14: [0], 15: [0], 16: [0], 17: [0], 18: [0], 19: [0], 20: [0], 21: [0], 22: [0], 23: [0]}",31,0.05503333333333333,0.0008504900548115399,0.15,92.486,214.514
google/vit-large-patch16-224,imagenet-1k,"{0: [0, 5], 1: [0, 1, 7], 2: [0, 2, 3, 11], 3: [0, 14], 4: [0], 5: [0], 6: [0], 7: [0], 8: [0], 9: [0], 10: [0], 11: [0], 12: [0], 13: [0], 14: [0], 15: [0], 16: [0], 17: [0], 18: [0], 19: [0], 20: [0], 21: [0], 22: [0], 23: [0]}",31,0.05503333333333333,0.0008504900548115399,0.2,92.486,214.514
google/vit-large-patch16-224,imagenet-1k,"{0: [0, 5], 1: [0, 1, 7], 2: [0, 2, 3, 11], 3: [0, 14], 4: [0], 5: [0], 6: [0], 7: [0], 8: [0], 9: [0], 10: [0], 11: [0], 12: [0], 13: [0], 14: [0], 15: [0], 16: [0], 17: [0], 18: [0], 19: [0], 20: [0], 21: [0], 22: [0], 23: [0]}",31,0.05503333333333333,0.0008504900548115399,0.25,92.486,214.514
google/vit-large-patch16-224,imagenet-1k,"{0: [0, 5], 1: [0, 1, 7], 2: [0, 1, 3, 11], 3: [0, 7, 14], 4: [0, 4], 5: [0], 6: [0], 7: [0], 8: [0], 9: [0], 10: [0], 11: [0], 12: [0], 13: [0], 14: [0], 15: [0], 16: [0], 17: [0], 18: [0], 19: [0], 20: [0], 21: [0], 22: [0], 23: [0]}",33,0.054400000000000004,0.0006244997998398407,0.3,91.962,215.038
google/vit-large-patch16-224,imagenet-1k,"{0: [0, 5, 15], 1: [0, 1, 7], 2: [0, 1, 3, 11], 3: [0, 7, 14], 4: [0, 4], 5: [0], 6: [0], 7: [0], 8: [0], 9: [0], 10: [0], 11: [0], 12: [0], 13: [0], 14: [0], 15: [0], 16: [0], 17: [0], 18: [0], 19: [0], 20: [0], 21: [0], 22: [0], 23: [0]}",34,0.06353333333333333,0.002173323108360407,0.35,91.7,215.3
google/vit-large-patch16-224,imagenet-1k,"{0: [0, 5, 15], 1: [0, 1, 7, 10], 2: [0, 1, 3, 11], 3: [0, 7, 14], 4: [0, 4], 5: [0, 2], 6: [0], 7: [0], 8: [0], 9: [0], 10: [0], 11: [0], 12: [0], 13: [0], 14: [0], 15: [0], 16: [0], 17: [0], 18: [0], 19: [0], 20: [0], 21: [0], 22: [0], 23: [0]}",36,0.06799999999999999,0.004592385001282012,0.4,91.176,215.824
google/vit-large-patch16-224,imagenet-1k,"{0: [0, 5, 8], 1: [0, 1, 7, 10], 2: [0, 1, 2, 3, 11], 3: [0, 7, 14], 4: [0, 2, 3], 5: [0, 1, 2, 4], 6: [0], 7: [0], 8: [0], 9: [0], 10: [0], 11: [0], 12: [0], 13: [0], 14: [0], 15: [0], 16: [0], 17: [0], 18: [0], 19: [0], 20: [0], 21: [0], 22: [0], 23: [0]}",40,0.059566666666666664,0.0017243356208503416,0.45,90.128,216.872
google/vit-large-patch16-224,imagenet-1k,"{0: [0, 5, 8, 9], 1: [0, 1, 7, 10], 2: [0, 1, 2, 3, 11], 3: [0, 7, 14], 4: [0, 2, 3], 5: [0, 1, 2, 4], 6: [0], 7: [0, 3], 8: [0, 6], 9: [0, 4], 10: [0, 8, 15], 11: [0], 12: [0], 13: [0], 14: [0], 15: [0], 16: [0], 17: [0], 18: [0], 19: [0], 20: [0], 21: [0], 22: [0], 23: [0]}",46,0.057466666666666666,0.0022941955743426344,0.5,88.556,218.44400000000002
google/vit-large-patch16-224,imagenet-1k,"{0: [0, 1, 5, 7], 1: [0, 1, 7, 10], 2: [0, 1, 2, 3, 11], 3: [0, 7, 8, 14], 4: [0, 2, 3, 4], 5: [0, 1, 2, 4, 9, 13], 6: [0, 1, 10, 14], 7: [0, 3, 7], 8: [0, 6, 8], 9: [0, 4], 10: [0, 3, 8], 11: [0, 10], 12: [0], 13: [0], 14: [0], 15: [0], 16: [0], 17: [0], 18: [0], 19: [0], 20: [0], 21: [0], 22: [0], 23: [0]}",56,0.059533333333333334,0.0019218047073866105,0.55,85.936,221.064
google/vit-large-patch16-224,imagenet-1k,"{0: [0, 1, 5, 7, 9], 1: [0, 1, 3, 7, 9], 2: [0, 1, 2, 3, 10, 11], 3: [0, 7, 8, 14], 4: [0, 2, 3, 4, 5], 5: [0, 1, 2, 4, 7, 9, 13], 6: [0, 1, 10, 11, 14], 7: [0, 3, 7], 8: [0, 6, 8, 9], 9: [0, 1, 6], 10: [0, 2, 3, 4, 8], 11: [0, 1], 12: [0], 13: [0], 14: [0], 15: [0], 16: [0], 17: [0], 18: [0], 19: [0], 20: [0], 21: [0], 22: [0], 23: [0]}",66,0.07253333333333334,0.0005686240703077298,0.6,83.316,223.684
google/vit-large-patch16-224,imagenet-1k,"{0: [0, 1, 4, 5, 7, 9, 11], 1: [0, 1, 3, 6, 7, 9], 2: [0, 1, 2, 3, 5, 8, 11], 3: [0, 1, 2, 5, 7, 14], 4: [0, 1, 2, 3, 4, 5, 7, 11, 13], 5: [0, 1, 2, 4, 5, 6, 7, 13, 15], 6: [0, 1, 6, 7, 8, 10, 14, 15], 7: [0, 3, 4, 7, 9], 8: [0, 2, 5, 6, 9, 10, 11], 9: [0, 1, 4, 8], 10: [0, 2, 3, 4, 8, 9], 11: [0, 1, 2], 12: [0], 13: [0, 4], 14: [0], 15: [0], 16: [0], 17: [0], 18: [0], 19: [0], 20: [0], 21: [0], 22: [0], 23: [0]}",90,0.11620000000000001,0.002605762844159079,0.65,77.028,229.97199999999998
google/vit-large-patch16-224,imagenet-1k,"{0: [0, 1, 3, 4, 5, 6, 7, 9, 15], 1: [0, 1, 3, 6, 7, 8, 10, 11, 12], 2: [0, 1, 2, 3, 5, 6, 8, 11, 13], 3: [0, 1, 2, 3, 5, 7, 8, 14, 15], 4: [0, 1, 2, 3, 4, 5, 7, 11, 12, 13, 14], 5: [0, 1, 2, 4, 5, 6, 7, 8, 10, 11, 13, 15], 6: [0, 1, 3, 4, 5, 6, 7, 8, 10, 11, 14, 15], 7: [0, 1, 2, 3, 5, 7, 9, 10, 11, 12, 13], 8: [0, 1, 2, 3, 4, 5, 6, 8, 9, 10, 11, 13], 9: [0, 1, 2, 3, 4, 6, 7, 8, 9, 14, 15], 10: [0, 1, 2, 3, 4, 5, 8, 9, 10, 13, 15], 11: [0, 1, 2, 3, 7, 9], 12: [0, 6, 9, 14], 13: [0, 1, 11], 14: [0, 5], 15: [0], 16: [0], 17: [0], 18: [0], 19: [0], 20: [0], 21: [0], 22: [0], 23: [0]}",140,0.3425,0.0019078784028338884,0.7,63.928000000000004,243.072
google/vit-large-patch16-224,imagenet-1k,"{0: [0, 1, 2, 3, 4, 5, 6, 7, 9, 15], 1: [0, 1, 3, 5, 6, 7, 8, 9, 10, 11, 12, 13, 14, 15], 2: [0, 1, 2, 3, 4, 6, 8, 10, 11, 12, 13, 14, 15], 3: [0, 1, 2, 3, 5, 7, 8, 9, 10, 11, 12, 14, 15], 4: [0, 1, 2, 3, 4, 5, 7, 9, 10, 11, 13, 14, 15], 5: [0, 1, 2, 4, 5, 6, 7, 8, 9, 10, 11, 13, 15], 6: [0, 1, 2, 3, 4, 5, 6, 7, 8, 10, 11, 12, 14, 15], 7: [0, 1, 2, 3, 4, 5, 6, 7, 9, 10, 11, 12, 13, 14], 8: [0, 1, 2, 3, 4, 5, 6, 7, 8, 9, 10, 11, 12, 13], 9: [0, 1, 2, 3, 4, 5, 6, 7, 8, 9, 12, 13, 14, 15], 10: [0, 1, 2, 3, 4, 5, 7, 8, 9, 10, 11, 12, 13, 14, 15], 11: [0, 1, 2, 3, 4, 5, 6, 7, 9, 10, 11, 12], 12: [0, 2, 3, 4, 5, 6, 7, 8, 9, 12, 14], 13: [0, 1, 2, 11, 13, 15], 14: [0, 1, 5, 8, 10, 13], 15: [0, 6, 9], 16: [0, 5, 10], 17: [0, 1], 18: [0], 19: [0], 20: [0], 21: [0], 22: [0], 23: [0, 10, 11, 13]}",199,0.5111666666666667,0.005257692776621063,0.75,48.47,258.53
google/vit-large-patch16-224,imagenet-1k,"{0: [0, 1, 2, 3, 4, 5, 6, 7, 8, 9, 10, 11, 12, 15], 3: [0, 1, 2, 3, 5, 6, 7, 8, 9, 10, 11, 12, 13, 14, 15], 4: [0, 1, 2, 3, 4, 5, 6, 7, 8, 9, 10, 11, 13, 14, 15], 5: [0, 1, 2, 3, 4, 5, 6, 7, 8, 9, 10, 11, 13, 14, 15], 7: [0, 1, 2, 3, 4, 5, 6, 7, 8, 9, 10, 11, 12, 13, 14], 8: [0, 1, 2, 3, 4, 5, 6, 7, 8, 9, 10, 11, 12, 13, 14], 11: [0, 1, 2, 3, 4, 5, 6, 7, 8, 9, 10, 11, 12, 13, 15], 13: [0, 1, 2, 3, 4, 5, 6, 7, 8, 10, 11, 12, 13, 14, 15], 14: [0, 1, 2, 3, 4, 5, 7, 8, 9, 10, 11, 12, 13, 14, 15], 15: [0, 1, 2, 3, 4, 5, 6, 8, 9, 10, 11, 12, 13, 14, 15], 16: [0, 1, 2, 3, 4, 5, 6, 8, 9, 10, 11, 12, 13, 15], 17: [0, 1, 2, 3, 6, 8, 10, 15], 18: [0, 2, 3], 19: [0, 6, 8], 20: [0], 21: [0], 22: [0], 23: [0, 6, 11, 13]}",280,0.6865333333333333,0.000929157324317769,0.8,27.248,279.752
google/vit-large-patch16-224,imagenet-1k,"{3: [0, 1, 2, 3, 4, 5, 7, 8, 9, 10, 11, 12, 13, 14, 15], 14: [0, 1, 2, 3, 4, 5, 7, 8, 9, 10, 11, 12, 13, 14, 15], 19: [0, 1, 2, 4, 5, 7, 8, 9, 10, 11, 12, 13, 14, 15], 20: [0, 1, 4, 5, 6, 8, 11, 12, 13], 21: [0, 1, 13], 22: [0, 6, 13], 23: [0, 2, 6, 11, 13]}",336,0.7559,0.002271563338320129,0.85,12.576,294.424
google/vit-large-patch16-224,imagenet-1k,"{22: [0, 1, 2, 3, 5, 6, 7, 8, 10, 11, 12, 13, 14, 15]}",382,0.7868333333333334,0.004441095960833705,0.9,0.524,306.476
google/vit-large-patch16-224,imagenet-1k,{},384,0.7846000000000001,0.0014933184523067734,0.95,0.0,307.0
google/vit-large-patch16-224,imagenet-1k,{},384,0.7846000000000001,0.0014933184523067734,1.0,0.0,307.0
facebook/deit-small-patch16-224,mnist,"{0: [0], 1: [0], 2: [0], 3: [0], 4: [0], 5: [0], 6: [0], 7: [0], 8: [0], 9: [0], 10: [0], 11: [0]}",12,0.8119999999999999,0.010320368210485495,0.05,5.88,16.220000000000002
facebook/deit-small-patch16-224,mnist,"{0: [0], 1: [0], 2: [0], 3: [0], 4: [0], 5: [0], 6: [0], 7: [0], 8: [0], 9: [0], 10: [0], 11: [0]}",12,0.8119999999999999,0.010320368210485495,0.1,5.88,16.220000000000002
facebook/deit-small-patch16-224,mnist,"{0: [0], 1: [0, 1], 2: [0], 3: [0], 4: [0], 5: [0], 6: [0], 7: [0], 8: [0], 9: [0], 10: [0], 11: [0]}",13,0.8394,0.008155366331440922,0.15,5.782,16.318
facebook/deit-small-patch16-224,mnist,"{0: [0], 1: [0, 1, 2], 2: [0], 3: [0], 4: [0], 5: [0], 6: [0], 7: [0], 8: [0], 9: [0], 10: [0], 11: [0]}",14,0.8535333333333334,0.003493326972004343,0.2,5.684,16.416
facebook/deit-small-patch16-224,mnist,"{0: [0], 1: [0, 1, 2], 2: [0], 3: [0], 4: [0], 5: [0], 6: [0], 7: [0], 8: [0], 9: [0], 10: [0], 11: [0]}",14,0.8535333333333334,0.003493326972004343,0.25,5.684,16.416
facebook/deit-small-patch16-224,mnist,"{0: [0], 1: [0, 1, 2], 2: [0, 5], 3: [0], 4: [0], 5: [0], 6: [0], 7: [0], 8: [0], 9: [0], 10: [0], 11: [0]}",15,0.8621333333333334,0.0038017539811688672,0.3,5.586,16.514000000000003
facebook/deit-small-patch16-224,mnist,"{0: [0], 1: [0, 1, 2], 2: [0, 1, 5], 3: [0], 4: [0], 5: [0], 6: [0], 7: [0], 8: [0], 9: [0], 10: [0], 11: [0]}",16,0.8941333333333334,0.0015275252316519843,0.35,5.488,16.612000000000002
facebook/deit-small-patch16-224,mnist,"{0: [0], 1: [0, 1, 2], 2: [0, 1, 5], 3: [0], 4: [0], 5: [0], 6: [0], 7: [0], 8: [0], 9: [0], 10: [0], 11: [0]}",16,0.8941333333333334,0.0015275252316519843,0.4,5.488,16.612000000000002
facebook/deit-small-patch16-224,mnist,"{0: [0], 1: [0, 1, 2], 2: [0, 1, 4, 5], 3: [0], 4: [0], 5: [0], 6: [0], 7: [0], 8: [0], 9: [0], 10: [0], 11: [0]}",17,0.9017333333333334,0.003139001964531623,0.45,5.390000000000001,16.71
facebook/deit-small-patch16-224,mnist,"{0: [0], 1: [0, 1, 2], 2: [0, 1, 4, 5], 3: [0], 4: [0, 5], 5: [0, 2], 6: [0], 7: [0], 8: [0], 9: [0], 10: [0], 11: [0]}",19,0.9178000000000001,0.0030805843601498573,0.5,5.194,16.906000000000002
facebook/deit-small-patch16-224,mnist,"{0: [0, 2], 1: [0, 1, 2], 2: [0, 1, 4, 5], 3: [0], 4: [0, 4], 5: [0, 2], 6: [0], 7: [0], 8: [0], 9: [0], 10: [0], 11: [0]}",20,0.8795333333333333,0.008022676195219007,0.55,5.096,17.004
facebook/deit-small-patch16-224,mnist,"{0: [0, 2], 1: [0, 1, 2], 2: [0, 1, 4, 5], 3: [0, 3], 4: [0, 4, 5], 5: [0, 2, 5], 6: [0], 7: [0], 8: [0], 9: [0], 10: [0], 11: [0]}",23,0.8992333333333334,0.007768097150096251,0.6,4.8020000000000005,17.298000000000002
facebook/deit-small-patch16-224,mnist,"{0: [0, 2], 1: [0, 1, 2, 4], 2: [0, 1, 4, 5], 3: [0, 3], 4: [0, 4, 5], 5: [0, 2, 5], 6: [0], 7: [0], 8: [0], 9: [0], 10: [0], 11: [0]}",24,0.9052666666666666,0.004944019956809791,0.65,4.704000000000001,17.396
facebook/deit-small-patch16-224,mnist,"{0: [0, 2], 1: [0, 1, 2, 3, 4], 2: [0, 1, 4, 5], 3: [0, 2, 3], 4: [0, 2, 4, 5], 5: [0, 1, 2, 4], 6: [0], 7: [0], 8: [0], 9: [0], 10: [0], 11: [0]}",28,0.9389,0.00115325625946708,0.7,4.312,17.788
facebook/deit-small-patch16-224,mnist,"{0: [0, 2], 1: [0, 1, 2, 3, 4], 2: [0, 1, 2, 4, 5], 3: [0, 1, 2, 3], 4: [0, 2, 4, 5], 5: [0, 1, 2, 3, 4], 6: [0, 3, 4], 7: [0, 4], 8: [0], 9: [0], 10: [0], 11: [0]}",34,0.9474666666666667,0.001474222959166394,0.75,3.724,18.376
facebook/deit-small-patch16-224,mnist,"{0: [0, 2], 1: [0, 1, 2, 3, 4], 2: [0, 1, 2, 4, 5], 3: [0, 1, 2, 3, 4], 4: [0, 2, 3, 4, 5], 6: [0, 1, 2, 4, 5], 7: [0, 4], 8: [0], 9: [0], 10: [0], 11: [0, 5]}",40,0.9433333333333334,0.0007371114795831973,0.8,3.136,18.964000000000002
facebook/deit-small-patch16-224,mnist,"{0: [0, 2, 4], 6: [0, 1, 2, 4, 5], 7: [0, 2, 4], 8: [0, 2, 3, 4, 5], 9: [0, 4], 10: [0], 11: [0, 5]}",51,0.9621,0.0010816653826392123,0.85,2.0580000000000003,20.042
facebook/deit-small-patch16-224,mnist,"{0: [0, 2, 4], 7: [0, 1, 3, 4, 5], 8: [0, 1, 2, 4, 5], 9: [0, 1, 2, 3, 5], 10: [0, 2], 11: [0, 5]}",58,0.9632,0.0020999999999999908,0.9,1.372,20.728
facebook/deit-small-patch16-224,mnist,"{0: [0, 1, 2, 4, 5], 10: [0, 1, 2, 5], 11: [0, 2, 3, 5]}",67,0.9615333333333332,0.00202319878739912,0.95,0.49,21.610000000000003
facebook/deit-small-patch16-224,mnist,{},72,0.9617333333333334,0.0033080709383768708,1.0,0.0,22.1
facebook/dinov2-base,mnist,"{0: [0], 1: [0, 4], 2: [0], 3: [0, 2], 4: [0], 5: [0], 6: [0], 7: [0], 8: [0], 9: [0], 10: [0], 11: [0]}",14,0.441,0.030520648748019776,0.05,25.48,60.519999999999996
facebook/dinov2-base,mnist,"{0: [0], 1: [0, 1, 2], 2: [0], 3: [0, 1], 4: [0], 5: [0], 6: [0], 7: [0], 8: [0], 9: [0], 10: [0], 11: [0]}",15,0.4504333333333333,0.021288807701074615,0.1,25.284000000000002,60.715999999999994
facebook/dinov2-base,mnist,"{0: [0], 1: [0, 1, 2, 3], 2: [0], 3: [0, 1], 4: [0], 5: [0], 6: [0], 7: [0], 8: [0], 9: [0], 10: [0], 11: [0]}",16,0.4506333333333334,0.019956536105580378,0.15,25.088,60.912
facebook/dinov2-base,mnist,"{0: [0], 1: [0, 1, 2, 3], 2: [0, 2], 3: [0, 1, 2, 8], 4: [0, 3, 7], 5: [0], 6: [0], 7: [0], 8: [0], 9: [0], 10: [0], 11: [0]}",21,0.4580666666666667,0.02930688201316089,0.2,24.108,61.891999999999996
facebook/dinov2-base,mnist,"{0: [0], 1: [0, 1, 2, 3], 2: [0, 2], 3: [0, 1, 2, 8], 4: [0, 3, 4], 5: [0], 6: [0], 7: [0], 8: [0], 9: [0], 10: [0], 11: [0]}",21,0.45730000000000004,0.030005166221835862,0.25,24.108,61.891999999999996
facebook/dinov2-base,mnist,"{0: [0], 1: [0, 1, 2, 3], 2: [0, 2], 3: [0, 1, 2, 3, 8], 4: [0, 1, 3, 7], 5: [0], 6: [0], 7: [0], 8: [0], 9: [0], 10: [0], 11: [0]}",23,0.4598333333333333,0.027302808158380577,0.3,23.716,62.284
facebook/dinov2-base,mnist,"{0: [0, 2], 1: [0, 1, 2, 3], 2: [0, 2], 3: [0, 1, 2, 3, 8], 4: [0, 1, 2, 3, 7], 5: [0], 6: [0], 7: [0], 8: [0], 9: [0], 10: [0], 11: [0]}",25,0.46290000000000003,0.022951470541122187,0.35,23.324,62.676
facebook/dinov2-base,mnist,"{0: [0, 2], 1: [0, 1, 2, 3, 10], 2: [0, 2], 3: [0, 1, 2, 3, 8], 4: [0, 1, 2, 3, 7], 5: [0], 6: [0], 7: [0], 8: [0], 9: [0], 10: [0], 11: [0]}",26,0.46103333333333335,0.02513450483565041,0.4,23.128,62.872
facebook/dinov2-base,mnist,"{0: [0, 1, 2], 1: [0, 1, 2, 3, 10], 2: [0, 2], 3: [0, 1, 2, 3, 8], 4: [0, 1, 2, 3, 6, 7], 5: [0], 6: [0], 7: [0, 4], 8: [0], 9: [0], 10: [0], 11: [0]}",29,0.46013333333333334,0.03338327924775116,0.45,22.54,63.46
facebook/dinov2-base,mnist,"{0: [0, 1, 2], 1: [0, 1, 2, 3, 10], 2: [0, 2], 3: [0, 1, 2, 3, 8], 4: [0, 1, 2, 3, 4, 6, 7], 5: [0], 6: [0], 7: [0, 4], 8: [0], 9: [0], 10: [0], 11: [0]}",30,0.4533666666666667,0.0372760423507289,0.5,22.344,63.656
facebook/dinov2-base,mnist,"{0: [0, 1, 2], 1: [0, 1, 2, 3, 4], 2: [0, 2], 3: [0, 1, 2, 3, 8], 4: [0, 1, 2, 3, 4, 6, 7], 5: [0], 6: [0, 1, 5], 7: [0, 4], 8: [0], 9: [0], 10: [0], 11: [0]}",32,0.4658333333333333,0.030823421830376535,0.55,21.952,64.048
facebook/dinov2-base,mnist,"{0: [0, 1, 2], 1: [0, 1, 2, 3, 4], 2: [0, 2], 3: [0, 1, 2, 3, 8], 4: [0, 1, 2, 3, 4, 6, 7], 5: [0, 3], 6: [0, 1, 5], 7: [0, 3, 4, 6], 8: [0], 9: [0], 10: [0], 11: [0]}",35,0.48943333333333333,0.029698877644337533,0.6,21.364,64.636
facebook/dinov2-base,mnist,"{0: [0, 1, 2], 1: [0, 1, 2, 3, 4, 5, 11], 2: [0, 2, 8], 3: [0, 1, 2, 3, 8], 4: [0, 1, 2, 3, 4, 6, 7], 5: [0, 3, 4, 5], 6: [0, 1, 5], 7: [0, 3, 4, 6], 8: [0], 9: [0], 10: [0], 11: [0]}",40,0.48206666666666664,0.043205362321514375,0.65,20.384,65.616
facebook/dinov2-base,mnist,"{0: [0, 1, 2, 7, 8, 9], 1: [0, 1, 2, 3, 4, 5, 10, 11], 2: [0, 2, 8], 3: [0, 1, 2, 3, 8], 4: [0, 1, 2, 3, 4, 6, 7, 10], 5: [0, 3, 4, 5, 10], 6: [0, 1, 5], 7: [0, 3, 4, 6, 10], 8: [0, 2, 4, 7, 9], 9: [0, 1], 10: [0], 11: [0]}",52,0.717,0.06120955807714998,0.7,18.032,67.968
facebook/dinov2-base,mnist,"{0: [0, 1, 2, 3, 8, 9, 10], 1: [0, 1, 2, 3, 4, 5, 10, 11], 2: [0, 2, 8, 9], 3: [0, 1, 2, 3, 5, 6, 8], 4: [0, 1, 2, 3, 4, 6, 7, 8], 5: [0, 2, 3, 4, 5, 10], 6: [0, 1, 5], 7: [0, 2, 3, 4, 6, 9], 8: [0, 1, 2, 4, 7, 9], 9: [0, 1, 4, 7], 10: [0], 11: [0, 6]}",62,0.8915666666666667,0.00757979771058121,0.75,16.072,69.928
facebook/dinov2-base,mnist,"{0: [0, 1, 2, 3, 7, 8, 9, 10, 11], 1: [0, 1, 2, 3, 4, 5, 10, 11], 2: [0, 2, 7, 8, 9], 3: [0, 1, 2, 3, 5, 6, 7, 8], 4: [0, 1, 2, 3, 4, 6, 7, 8], 5: [0, 2, 3, 4, 5, 6, 7, 9, 10], 6: [0, 1, 4, 5], 7: [0, 1, 2, 3, 4, 6, 9, 11], 8: [0, 1, 2, 3, 4, 7, 8, 9], 9: [0, 1, 3], 10: [0], 11: [0, 3, 6]}",74,0.8733,0.027430457524438002,0.8,13.72,72.28
facebook/dinov2-base,mnist,"{0: [0, 1, 2, 3, 5, 6, 7, 8, 9, 11], 1: [0, 1, 2, 3, 4, 5, 8, 10, 11], 2: [0, 2, 4, 7, 8, 9, 10], 3: [0, 1, 2, 3, 4, 5, 6, 7, 8, 11], 4: [0, 1, 2, 3, 4, 5, 6, 7, 8, 9], 5: [0, 1, 2, 3, 4, 5, 6, 7, 8, 10, 11], 6: [0, 1, 3, 4, 5, 6, 7], 7: [0, 1, 2, 3, 4, 6, 7, 9, 10, 11], 8: [0, 1, 2, 3, 4, 5, 7, 8, 9], 9: [0, 1, 2, 4, 5, 7, 9, 10], 10: [0, 3, 7, 10, 11], 11: [0, 2, 5, 6]}",100,0.9706666666666667,0.003873413653785699,0.85,8.624,77.376
facebook/dinov2-base,mnist,"{1: [0, 1, 2, 3, 4, 5, 7, 8, 9, 10, 11], 2: [0, 1, 2, 3, 4, 5, 6, 7, 8, 9, 10], 3: [0, 1, 2, 3, 4, 5, 6, 7, 8, 10, 11], 6: [0, 1, 2, 3, 4, 5, 6, 7, 11], 7: [0, 1, 2, 3, 4, 5, 6, 7, 9, 10, 11], 10: [0, 1, 2, 3, 4, 5, 6, 7, 9, 10, 11], 11: [0, 1, 3, 5, 6]}",129,0.9747333333333333,0.004045161719058085,0.9,2.94,83.06
facebook/dinov2-base,mnist,"{1: [0, 1, 2, 3, 4, 5, 6, 8, 9, 10, 11], 2: [0, 1, 2, 3, 4, 5, 6, 7, 8, 9, 10], 11: [0, 1, 2, 3, 5, 6, 7, 8, 9, 10, 11]}",141,0.9726333333333333,0.0043661577311559846,0.95,0.5880000000000001,85.412
facebook/dinov2-base,mnist,{},144,0.9687333333333333,0.005965176722724455,1.0,0.0,86.0
google/vit-large-patch16-224,mnist,"{0: [0], 1: [0, 1, 7], 2: [0, 3], 3: [0], 4: [0], 5: [0], 6: [0], 7: [0], 8: [0], 9: [0], 10: [0], 11: [0], 12: [0], 13: [0], 14: [0], 15: [0], 16: [0], 17: [0], 18: [0], 19: [0], 20: [0], 21: [0], 22: [0], 23: [0]}",27,0.8285333333333332,0.014424400623018462,0.05,93.534,213.466
google/vit-large-patch16-224,mnist,"{0: [0], 1: [0, 1, 7], 2: [0, 3, 5, 11], 3: [0], 4: [0], 5: [0], 6: [0], 7: [0], 8: [0], 9: [0], 10: [0], 11: [0], 12: [0], 13: [0], 14: [0], 15: [0], 16: [0], 17: [0], 18: [0], 19: [0], 20: [0], 21: [0], 22: [0], 23: [0]}",29,0.8161666666666667,0.0068303245408497075,0.1,93.01,213.99
google/vit-large-patch16-224,mnist,"{0: [0], 1: [0, 1, 7], 2: [0, 3, 5, 11], 3: [0], 4: [0], 5: [0], 6: [0], 7: [0], 8: [0], 9: [0], 10: [0], 11: [0], 12: [0], 13: [0], 14: [0], 15: [0], 16: [0], 17: [0], 18: [0], 19: [0], 20: [0], 21: [0], 22: [0], 23: [0]}",29,0.8161666666666667,0.0068303245408497075,0.15,93.01,213.99
google/vit-large-patch16-224,mnist,"{0: [0], 1: [0, 1, 7, 10], 2: [0, 2, 3, 5, 11], 3: [0, 14], 4: [0], 5: [0], 6: [0], 7: [0], 8: [0], 9: [0], 10: [0], 11: [0], 12: [0], 13: [0], 14: [0], 15: [0], 16: [0], 17: [0], 18: [0], 19: [0], 20: [0], 21: [0], 22: [0], 23: [0]}",32,0.8538,0.007621679604916486,0.2,92.224,214.776
google/vit-large-patch16-224,mnist,"{0: [0, 5], 1: [0, 1, 7, 10], 2: [0, 1, 3, 11], 3: [0, 14], 4: [0], 5: [0], 6: [0], 7: [0], 8: [0], 9: [0], 10: [0], 11: [0], 12: [0], 13: [0], 14: [0], 15: [0], 16: [0], 17: [0], 18: [0], 19: [0], 20: [0], 21: [0], 22: [0], 23: [0]}",32,0.86,0.0005291502622129122,0.25,92.224,214.776
google/vit-large-patch16-224,mnist,"{0: [0, 5], 1: [0, 1, 7, 10], 2: [0, 1, 3, 11], 3: [0, 14], 4: [0], 5: [0], 6: [0], 7: [0], 8: [0], 9: [0], 10: [0], 11: [0], 12: [0], 13: [0], 14: [0], 15: [0], 16: [0], 17: [0], 18: [0], 19: [0], 20: [0], 21: [0], 22: [0], 23: [0]}",32,0.86,0.0005291502622129122,0.3,92.224,214.776
google/vit-large-patch16-224,mnist,"{0: [0, 5], 1: [0, 1, 7, 10], 2: [0, 1, 3, 11], 3: [0, 7, 14], 4: [0], 5: [0], 6: [0], 7: [0], 8: [0], 9: [0], 10: [0], 11: [0], 12: [0], 13: [0], 14: [0], 15: [0], 16: [0], 17: [0], 18: [0], 19: [0], 20: [0], 21: [0], 22: [0], 23: [0]}",33,0.8226333333333334,0.012815745523898853,0.35,91.962,215.038
google/vit-large-patch16-224,mnist,"{0: [0, 5], 1: [0, 1, 7, 10], 2: [0, 1, 3, 11], 3: [0, 7, 14], 4: [0, 4], 5: [0], 6: [0], 7: [0], 8: [0], 9: [0], 10: [0], 11: [0], 12: [0], 13: [0], 14: [0], 15: [0], 16: [0], 17: [0], 18: [0], 19: [0], 20: [0], 21: [0], 22: [0], 23: [0]}",34,0.6677666666666666,0.01853977705727154,0.4,91.7,215.3
google/vit-large-patch16-224,mnist,"{0: [0, 5], 1: [0, 1, 7, 10], 2: [0, 1, 3, 7, 11], 3: [0, 7, 14], 4: [0, 4], 5: [0, 1, 6], 6: [0], 7: [0], 8: [0], 9: [0], 10: [0], 11: [0], 12: [0], 13: [0], 14: [0], 15: [0], 16: [0], 17: [0], 18: [0], 19: [0], 20: [0], 21: [0], 22: [0], 23: [0]}",37,0.6872666666666666,0.029425385865496034,0.45,90.914,216.086
google/vit-large-patch16-224,mnist,"{0: [0, 5, 15], 1: [0, 1, 7, 10], 2: [0, 1, 3, 7, 11], 3: [0, 3, 7, 14], 4: [0, 4], 5: [0, 1, 6], 6: [0, 14], 7: [0], 8: [0], 9: [0], 10: [0], 11: [0], 12: [0], 13: [0], 14: [0], 15: [0], 16: [0], 17: [0], 18: [0], 19: [0], 20: [0], 21: [0], 22: [0], 23: [0]}",40,0.9030999999999999,0.0011532562594670898,0.5,90.128,216.872
google/vit-large-patch16-224,mnist,"{0: [0, 5, 15], 1: [0, 1, 7, 9], 2: [0, 1, 3, 5, 7, 11], 3: [0, 3, 7, 14], 4: [0, 1, 3], 5: [0, 1, 2, 4, 13], 6: [0, 3, 14], 7: [0], 8: [0], 9: [0], 10: [0, 8], 11: [0], 12: [0], 13: [0], 14: [0], 15: [0], 16: [0], 17: [0], 18: [0], 19: [0], 20: [0], 21: [0], 22: [0], 23: [0]}",46,0.9287,0.0061587336360651255,0.55,88.556,218.44400000000002
google/vit-large-patch16-224,mnist,"{0: [0, 5, 6, 15], 1: [0, 1, 4, 7, 10], 2: [0, 1, 3, 5, 7, 11], 3: [0, 3, 7, 14], 4: [0, 1, 3, 4, 11], 5: [0, 1, 2, 4, 10, 13], 6: [0, 3, 10, 14], 7: [0, 3], 8: [0, 2], 9: [0], 10: [0, 8], 11: [0], 12: [0], 13: [0], 14: [0], 15: [0], 16: [0], 17: [0], 18: [0], 19: [0], 20: [0], 21: [0], 22: [0], 23: [0]}",54,0.9105666666666666,0.007225187425481321,0.6,86.46000000000001,220.54
google/vit-large-patch16-224,mnist,"{0: [0, 5, 6, 15], 1: [0, 1, 3, 7], 2: [0, 1, 3, 5, 7, 11], 3: [0, 3, 7, 14], 4: [0, 1, 3, 4, 5], 5: [0, 1, 2, 4, 6, 8, 13], 6: [0, 3, 6, 10, 14], 7: [0, 3, 7], 8: [0, 2, 6, 8], 9: [0, 12], 10: [0, 3, 8], 11: [0], 12: [0], 13: [0, 10], 14: [0], 15: [0], 16: [0], 17: [0], 18: [0], 19: [0], 20: [0], 21: [0], 22: [0], 23: [0, 6]}",62,0.9091,0.008185352771872458,0.65,84.364,222.636
google/vit-large-patch16-224,mnist,"{0: [0, 5, 6, 15], 1: [0, 1, 3, 7, 8, 10], 2: [0, 1, 2, 3, 4, 5, 11], 3: [0, 2, 3, 7, 8, 14], 4: [0, 1, 3, 4, 5], 5: [0, 1, 2, 4, 5, 8, 9, 13], 6: [0, 1, 6, 10, 14], 7: [0, 3, 7, 12], 8: [0, 2, 5, 6, 12], 9: [0, 4], 10: [0, 2, 3, 8], 11: [0], 12: [0], 13: [0, 6], 14: [0], 15: [0], 16: [0], 17: [0], 18: [0], 19: [0], 20: [0], 21: [0], 22: [0], 23: [0, 2]}",71,0.9484,0.00238956062906965,0.7,82.006,224.994
google/vit-large-patch16-224,mnist,"{0: [0, 5, 6, 15], 1: [0, 1, 3, 7, 8, 9, 10], 2: [0, 1, 2, 3, 4, 5, 11], 3: [0, 2, 3, 7, 8, 14], 4: [0, 1, 2, 3, 4, 5, 6], 5: [0, 1, 2, 4, 5, 6, 8, 10, 13, 15], 6: [0, 1, 5, 6, 7, 10, 11, 14], 7: [0, 3, 4, 7, 9, 12], 8: [0, 1, 2, 3, 5, 6, 10, 11, 12], 9: [0, 1, 3], 10: [0, 2, 3, 8], 11: [0, 7, 15], 12: [0], 13: [0, 1], 14: [0], 15: [0, 9], 16: [0, 11], 17: [0], 18: [0], 19: [0], 20: [0], 21: [0], 22: [0], 23: [0, 2, 13]}",91,0.9541666666666666,0.0037313983080520404,0.75,76.766,230.23399999999998
google/vit-large-patch16-224,mnist,"{0: [0, 5, 6, 15], 1: [0, 1, 3, 7, 8, 9, 10, 11, 12, 15], 2: [0, 1, 2, 3, 4, 5, 7, 10, 11, 15], 3: [0, 2, 3, 5, 7, 9, 14, 15], 4: [0, 1, 2, 3, 4, 5, 6, 7, 10, 12], 5: [0, 1, 2, 3, 4, 6, 8, 9, 10, 13, 14, 15], 6: [0, 1, 3, 5, 6, 7, 10, 11, 14, 15], 7: [0, 1, 3, 5, 6, 7, 9, 10, 12], 8: [0, 1, 2, 3, 4, 5, 6, 8, 10, 11, 12], 9: [0, 1, 3], 10: [0, 2, 3, 4, 8, 10, 12, 13, 15], 11: [0, 2, 4, 5, 7, 15], 12: [0, 3, 5, 6, 7], 13: [0, 1, 13, 15], 14: [0, 8], 15: [0, 9], 16: [0, 11], 17: [0, 1], 18: [0], 19: [0], 20: [0], 21: [0, 13], 22: [0, 6], 23: [0, 2, 10, 11, 13, 14]}",132,0.9686,0.0036055512754640234,0.8,66.024,240.976
google/vit-large-patch16-224,mnist,"{0: [0, 1, 5, 6, 14, 15], 1: [0, 1, 3, 4, 7, 8, 9, 10, 11, 12, 15], 2: [0, 1, 2, 3, 4, 5, 6, 7, 8, 10, 11, 13, 15], 3: [0, 1, 2, 3, 4, 5, 7, 8, 9, 11, 14, 15], 4: [0, 1, 2, 3, 4, 5, 6, 7, 9, 10, 11, 12], 5: [0, 1, 2, 3, 4, 5, 6, 7, 8, 9, 10, 11, 13, 14, 15], 6: [0, 1, 2, 3, 4, 5, 6, 7, 8, 10, 11, 14, 15], 7: [0, 1, 3, 4, 5, 6, 7, 9, 10, 12, 13, 14, 15], 8: [0, 1, 2, 3, 4, 5, 6, 8, 10, 11, 12, 13, 15], 9: [0, 1, 2, 3, 5, 7, 12], 10: [0, 2, 3, 4, 5, 7, 8, 10, 11, 12, 13, 14, 15], 11: [0, 1, 2, 4, 7, 10, 15], 12: [0, 3, 5, 6, 7, 8, 9, 11, 13, 14], 13: [0, 1, 3, 8, 13, 15], 14: [0, 1, 5, 8, 10, 12], 15: [0, 1, 5, 6, 9], 16: [0, 3, 6, 10, 11], 17: [0, 1, 6], 18: [0, 2], 19: [0], 20: [0, 11], 21: [0, 13], 22: [0, 4, 6], 23: [0, 1, 2, 9, 10, 11, 13, 14, 15]}",189,0.9685,0.003716180835212377,0.85,51.09,255.91
google/vit-large-patch16-224,mnist,"{0: [0, 1, 5, 6, 7, 8, 14, 15], 1: [0, 1, 3, 4, 6, 7, 8, 9, 10, 11, 12, 13, 14, 15], 3: [0, 1, 2, 3, 4, 5, 7, 8, 9, 10, 11, 12, 13, 14, 15], 7: [0, 1, 2, 3, 4, 5, 6, 7, 8, 9, 10, 11, 12, 13, 14], 9: [0, 1, 2, 3, 4, 5, 6, 7, 8, 9, 11, 12, 14, 15], 10: [0, 1, 2, 3, 4, 5, 6, 8, 10, 11, 12, 13, 14, 15], 11: [0, 1, 2, 3, 4, 5, 6, 7, 8, 9, 10, 12, 13, 15], 13: [0, 1, 2, 3, 4, 8, 9, 10, 11, 13, 15], 14: [0, 1, 2, 3, 4, 5, 7, 8, 9, 10, 12, 14, 15], 15: [0, 1, 3, 5, 6, 9, 10, 12, 13, 14], 16: [0, 1, 3, 6, 10, 11, 14, 15], 17: [0, 1, 6, 7, 10, 12, 15], 18: [0, 2, 3, 5, 8, 13], 19: [0, 2, 5, 6], 20: [0, 5, 10, 11, 13], 21: [0, 1, 5, 13], 22: [0, 1, 4, 6, 8, 11], 23: [0, 1, 2, 3, 4, 5, 6, 7, 8, 9, 10, 11, 13, 14, 15]}",279,0.9735666666666667,0.0024419937209856643,0.9,27.51,279.49
google/vit-large-patch16-224,mnist,"{0: [0, 1, 2, 3, 4, 5, 6, 7, 8, 9, 10, 11, 12, 14, 15]}",383,0.9715333333333334,0.0024542480178932954,0.95,0.262,306.738
google/vit-large-patch16-224,mnist,{},384,0.9703333333333334,0.0025166114784236004,1.0,0.0,307.0
