model,dataset,approx_layer_str,translator_linear,accuracy_mean_linear,accuracy_std_linear,skip_distance,skip_count,first_skip,translator_identity,accuracy_mean_identity,accuracy_std_identity
facebook/deit-base-patch16-224,pneumoniamnist,"[(0, 2)]",linear,0.826923076923077,0.0125164257626709,1,2,0,identity,0.8360042735042735,0.0222250470755499
facebook/deit-base-patch16-224,dermamnist,"[(0, 2)]",linear,0.7421446384039899,0.0008638657394358,1,2,0,identity,0.7443059019118868,0.0035384533090262
facebook/deit-base-patch16-224,imagenet-1k,"[(0, 2)]",linear,0.7223333333333333,0.0024214320831552,1,2,0,identity,0.7305666666666667,0.0010692676621563
facebook/deit-base-patch16-224,cifar100,"[(0, 2)]",linear,0.7204666666666667,0.0048809152147249,1,2,0,identity,0.7061333333333334,0.001955334583475
facebook/deit-small-patch16-224,pneumoniamnist,"[(0, 2)]",linear,0.8189102564102564,0.0069854149736228,1,2,0,identity,0.8231837606837606,0.000925240816009
facebook/deit-small-patch16-224,dermamnist,"[(0, 2)]",linear,0.7379883624272652,0.0035384533090262,1,2,0,identity,0.7389858686616791,0.00415294962487
facebook/deit-small-patch16-224,cifar100,"[(0, 2)]",linear,0.4878666666666666,0.0006027713773341,1,2,0,identity,0.4312333333333333,0.0008621678104251
facebook/deit-small-patch16-224,imagenet-1k,"[(0, 2)]",linear,0.4119333333333333,0.0016041612554021,1,2,0,identity,0.3822,0.0031432467291003
facebook/dinov2-base,pneumoniamnist,"[(0, 2)]",linear,0.87767094017094,0.0106703976257682,1,2,0,identity,0.8221153846153846,0.0369633416495858
facebook/dinov2-base,cifar100,"[(0, 2)]",linear,0.8261333333333334,0.0021733231083604,1,2,0,identity,0.4212,0.0165683433088525
facebook/dinov2-base,dermamnist,"[(0, 2)]",linear,0.7188694929343308,0.0251083105142218,1,2,0,identity,0.7223607647547797,0.0108853177289248
facebook/dinov2-base,imagenet-1k,"[(0, 2)]",linear,0.6914,0.0028044607324759,1,2,0,identity,0.12922,0.0029346209295239
google/vit-base-patch16-224,pneumoniamnist,"[(0, 2)]",linear,0.8135683760683761,0.0155649597054844,1,2,0,identity,0.8173076923076922,0.001602564102564
google/vit-base-patch16-224,dermamnist,"[(0, 2)]",linear,0.7546134663341646,0.0052783068549917,1,2,0,identity,0.7293433083956775,0.0082306858151199
google/vit-base-patch16-224,cifar100,"[(0, 2)]",linear,0.5905,0.0004999999999999,1,2,0,identity,0.3015,0.0062960304954788
google/vit-base-patch16-224,imagenet-1k,"[(0, 2)]",linear,0.4461,0.0028792360097776,1,2,0,identity,0.1574,0.0013856406460551
google/vit-large-patch16-224,pneumoniamnist,"[(0, 2)]",linear,0.8205128205128206,0.0184816708247929,1,2,0,identity,0.8194444444444445,0.0118126839676795
google/vit-large-patch16-224,cifar100,"[(0, 2)]",linear,0.7844000000000001,0.0023643180835074,1,2,0,identity,0.4737,0.0049274739979019
google/vit-large-patch16-224,dermamnist,"[(0, 2)]",linear,0.7546134663341646,0.0050617913042853,1,2,0,identity,0.7270157938487115,0.0077320139346523
google/vit-large-patch16-224,imagenet-1k,"[(0, 2)]",linear,0.7165333333333334,0.0044613152021946,1,2,0,identity,0.6351,0.0048538644398046
microsoft/rad-dino,pneumoniamnist,"[(0, 2)]",linear,0.8846153846153846,0.0154545685272322,1,2,0,identity,0.8995726495726496,0.0082237202555238
microsoft/rad-dino,dermamnist,"[(0, 2)]",linear,0.7097256857855362,0.0073808721131913,1,2,0,identity,0.7102244389027431,0.0054862842892767
microsoft/rad-dino,cifar100,"[(0, 2)]",linear,0.3056,0.0019078784028338,1,2,0,identity,0.3116333333333334,0.0074056284900967
microsoft/rad-dino,imagenet-1k,"[(0, 2)]",linear,0.0779333333333333,0.0013503086067019,1,2,0,identity,0.079,0.0025238858928248
facebook/deit-base-patch16-224,pneumoniamnist,"[(1, 3)]",linear,0.8354700854700855,0.0075734224779689,1,2,1,identity,0.8370726495726496,0.0120281306081172
facebook/deit-base-patch16-224,dermamnist,"[(1, 3)]",linear,0.7484621778886118,0.0053330057962911,1,2,1,identity,0.7461346633416458,0.0067100369312088
facebook/deit-base-patch16-224,imagenet-1k,"[(1, 3)]",linear,0.7301333333333333,0.0013650396819629,1,2,1,identity,0.7265666666666667,0.0014224392195567
facebook/deit-base-patch16-224,cifar100,"[(1, 3)]",linear,0.6862666666666667,0.0017925772879664,1,2,1,identity,0.6551,0.0034510867853474
facebook/deit-small-patch16-224,pneumoniamnist,"[(1, 3)]",linear,0.8007478632478633,0.003700963264036,1,2,1,identity,0.8365384615384616,0.0188939521194737
facebook/deit-small-patch16-224,dermamnist,"[(1, 3)]",linear,0.7283458021612635,0.0029224265721108,1,2,1,identity,0.7108894430590191,0.003743418204222
facebook/deit-small-patch16-224,imagenet-1k,"[(1, 3)]",linear,0.6576666666666667,0.0040426888741694,1,2,1,identity,0.5545333333333333,0.0007371114795832
facebook/deit-small-patch16-224,cifar100,"[(1, 3)]",linear,0.6196333333333334,0.0020502032419575,1,2,1,identity,0.5017666666666667,0.0023713568549109
facebook/dinov2-base,pneumoniamnist,"[(1, 3)]",linear,0.8733974358974358,0.0064102564102563,1,2,1,identity,0.826388888888889,0.0233520224299085
facebook/dinov2-base,cifar100,"[(1, 3)]",linear,0.8353999999999999,0.0030347981810987,1,2,1,identity,0.3945,0.0018027756377319
facebook/dinov2-base,dermamnist,"[(1, 3)]",linear,0.7253532834580216,0.0253596874023851,1,2,1,identity,0.7142144638403991,0.0347412962938014
facebook/dinov2-base,imagenet-1k,"[(1, 3)]",linear,0.70004,0.0035774292445833,1,2,1,identity,0.29174,0.0026463181970428
google/vit-base-patch16-224,pneumoniamnist,"[(1, 3)]",linear,0.8466880341880342,0.0187803374265459,1,2,1,identity,0.8552350427350427,0.00882623485142
google/vit-base-patch16-224,dermamnist,"[(1, 3)]",linear,0.7617622610141312,0.0074868364084441,1,2,1,identity,0.744970906068163,0.0032065339188671
google/vit-base-patch16-224,cifar100,"[(1, 3)]",linear,0.7367,0.0054442630355264,1,2,1,identity,0.5366333333333334,0.0016041612554021
google/vit-base-patch16-224,imagenet-1k,"[(1, 3)]",linear,0.6801333333333334,0.0041621308645132,1,2,1,identity,0.4680666666666666,0.0045621632295801
google/vit-large-patch16-224,pneumoniamnist,"[(1, 3)]",linear,0.8258547008547009,0.0122397855100316,1,2,1,identity,0.8167735042735043,0.0364150148870817
google/vit-large-patch16-224,cifar100,"[(1, 3)]",linear,0.8208000000000001,0.0046872166581031,1,2,1,identity,0.6260666666666667,0.0018339392937971
google/vit-large-patch16-224,dermamnist,"[(1, 3)]",linear,0.7594347464671655,0.006236076253869,1,2,1,identity,0.7321695760598503,0.0052071354159154
google/vit-large-patch16-224,imagenet-1k,"[(1, 3)]",linear,0.7539000000000001,0.0019974984355437,1,2,1,identity,0.7079,0.0010816653826391
microsoft/rad-dino,pneumoniamnist,"[(1, 3)]",linear,0.8787393162393163,0.006476685712063,1,2,1,identity,0.9001068376068376,0.006476685712063
microsoft/rad-dino,dermamnist,"[(1, 3)]",linear,0.7102244389027431,0.0095156030066528,1,2,1,identity,0.7112219451371571,0.007347092200826
microsoft/rad-dino,cifar100,"[(1, 3)]",linear,0.3008666666666666,0.004209908945967,1,2,1,identity,0.3109666666666666,0.0048603840726153
microsoft/rad-dino,imagenet-1k,"[(1, 3)]",linear,0.0809333333333333,0.0024846193538112,1,2,1,identity,0.0794333333333333,0.0008144527815247
facebook/deit-base-patch16-224,pneumoniamnist,"[(2, 4)]",linear,0.8397435897435898,0.004239986075424,1,2,2,identity,0.8258547008547009,0.0217579186478806
facebook/deit-base-patch16-224,dermamnist,"[(2, 4)]",linear,0.7496259351620947,0.0057519015434766,1,2,2,identity,0.7512884455527847,0.0018882488265337
facebook/deit-base-patch16-224,imagenet-1k,"[(2, 4)]",linear,0.7324333333333334,0.0016502525059314,1,2,2,identity,0.7134,0.002088061301782
facebook/deit-base-patch16-224,cifar100,"[(2, 4)]",linear,0.6816333333333334,0.0027465129406819,1,2,2,identity,0.6635666666666666,0.0034297716153314
facebook/deit-small-patch16-224,pneumoniamnist,"[(2, 4)]",linear,0.8018162393162394,0.0060672097711541,1,2,2,identity,0.8002136752136751,0.0051515228424107
facebook/deit-small-patch16-224,dermamnist,"[(2, 4)]",linear,0.7328345802161264,0.0030063410340856,1,2,2,identity,0.7192019950124688,0.002174014435681
facebook/deit-small-patch16-224,imagenet-1k,"[(2, 4)]",linear,0.6956333333333333,0.0006506407098648,1,2,2,identity,0.6323,0.0017058722109232
facebook/deit-small-patch16-224,cifar100,"[(2, 4)]",linear,0.6667666666666667,0.002569695182961,1,2,2,identity,0.6112000000000001,0.0026962937525425
facebook/dinov2-base,pneumoniamnist,"[(2, 4)]",linear,0.8584401709401709,0.0138167918337366,1,2,2,identity,0.8680555555555557,0.0271176071506347
facebook/dinov2-base,cifar100,"[(2, 4)]",linear,0.8091333333333334,0.0040525712002793,1,2,2,identity,0.2994,0.0160477412740859
facebook/dinov2-base,dermamnist,"[(2, 4)]",linear,0.7291770573566084,0.0362446330155095,1,2,2,identity,0.7044056525353284,0.0247239387464954
facebook/dinov2-base,imagenet-1k,"[(2, 4)]",linear,0.68658,0.0020680909070928,1,2,2,identity,0.09664,0.0040844828313998
google/vit-base-patch16-224,pneumoniamnist,"[(2, 4)]",linear,0.8376068376068376,0.0153990761809824,1,2,2,identity,0.8653846153846154,0.0142439013098005
google/vit-base-patch16-224,cifar100,"[(2, 4)]",linear,0.7576333333333333,0.0042003968066521,1,2,2,identity,0.6554666666666668,0.0051032669275017
google/vit-base-patch16-224,dermamnist,"[(2, 4)]",linear,0.7562759767248545,0.0017515633836828,1,2,2,identity,0.7541147132169576,0.0031147122186526
google/vit-base-patch16-224,imagenet-1k,"[(2, 4)]",linear,0.6848000000000001,0.0015874507866386,1,2,2,identity,0.6231333333333334,0.0011547005383792
google/vit-large-patch16-224,cifar100,"[(2, 4)]",linear,0.8453666666666667,0.0020108041509141,1,2,2,identity,0.7398333333333333,0.0026764404221527
google/vit-large-patch16-224,pneumoniamnist,"[(2, 4)]",linear,0.8327991452991453,0.0218756359288923,1,2,2,identity,0.8317307692307692,0.0131175525190263
google/vit-large-patch16-224,dermamnist,"[(2, 4)]",linear,0.7652535328345803,0.0062758390983131,1,2,2,identity,0.7524522028262677,0.0040621086360334
google/vit-large-patch16-224,imagenet-1k,"[(2, 4)]",linear,0.7644666666666667,0.0018556220879621,1,2,2,identity,0.7308333333333333,0.0016072751268321
microsoft/rad-dino,pneumoniamnist,"[(2, 4)]",linear,0.8728632478632479,0.0066720064085452,1,2,2,identity,0.8787393162393163,0.0056280201671221
microsoft/rad-dino,dermamnist,"[(2, 4)]",linear,0.7098919368246052,0.0137617303983872,1,2,2,identity,0.7060681629260183,0.0015237159417974
microsoft/rad-dino,cifar100,"[(2, 4)]",linear,0.3003666666666666,0.0067002487516011,1,2,2,identity,0.3091666666666666,0.0039878983604567
microsoft/rad-dino,imagenet-1k,"[(2, 4)]",linear,0.0802,0.0039357337308308,1,2,2,identity,0.0801333333333333,0.0011846237095944
facebook/deit-base-patch16-224,pneumoniamnist,"[(3, 5)]",linear,0.8237179487179488,0.0152874872021946,1,2,3,identity,0.8055555555555557,0.0206683142330696
facebook/deit-base-patch16-224,dermamnist,"[(3, 5)]",linear,0.7514546965918537,0.0054938359573926,1,2,3,identity,0.7356608478802992,0.0103783800731594
facebook/deit-base-patch16-224,imagenet-1k,"[(3, 5)]",linear,0.7371666666666666,0.0006027713773341,1,2,3,identity,0.7178666666666667,0.0020305992547356
facebook/deit-base-patch16-224,cifar100,"[(3, 5)]",linear,0.6767,0.0042883563284783,1,2,3,identity,0.6587333333333333,0.0038370995990895
facebook/deit-small-patch16-224,pneumoniamnist,"[(3, 5)]",linear,0.7841880341880342,0.00882623485142,1,2,3,identity,0.8141025641025642,0.0048076923076922
facebook/deit-small-patch16-224,dermamnist,"[(3, 5)]",linear,0.7271820448877806,0.0057519015434766,1,2,3,identity,0.7135494596841231,0.0016032669594335
facebook/deit-small-patch16-224,imagenet-1k,"[(3, 5)]",linear,0.6828333333333334,0.0010969655114602,1,2,3,identity,0.6389333333333332,0.0010692676621563
facebook/deit-small-patch16-224,cifar100,"[(3, 5)]",linear,0.6641666666666667,0.0034645827069552,1,2,3,identity,0.5920000000000001,0.001539480431834
facebook/dinov2-base,pneumoniamnist,"[(3, 5)]",linear,0.8664529914529915,0.0171356997140442,1,2,3,identity,0.8402777777777778,0.0333600320427264
facebook/dinov2-base,cifar100,"[(3, 5)]",linear,0.7830666666666667,0.0012220201853215,1,2,3,identity,0.3680666666666667,0.0108518815572845
facebook/dinov2-base,dermamnist,"[(3, 5)]",linear,0.7394846217788862,0.0099041536216834,1,2,3,identity,0.7333333333333334,0.0069884786556886
facebook/dinov2-base,imagenet-1k,"[(3, 5)]",linear,0.6832800000000001,0.0033417061510551,1,2,3,identity,0.18646,0.0046891363810407
google/vit-base-patch16-224,pneumoniamnist,"[(3, 5)]",linear,0.8418803418803419,0.0227390989890948,1,2,3,identity,0.8477564102564102,0.002775722448027
google/vit-base-patch16-224,dermamnist,"[(3, 5)]",linear,0.7544472152950955,0.0032065339188671,1,2,3,identity,0.7537822111388196,0.0050453835097235
google/vit-base-patch16-224,cifar100,"[(3, 5)]",linear,0.7192999999999999,0.0089599107138408,1,2,3,identity,0.6672333333333333,0.0015307950004273
google/vit-base-patch16-224,imagenet-1k,"[(3, 5)]",linear,0.5915333333333334,0.0020428737928059,1,2,3,identity,0.6213000000000001,0.0027838821814149
google/vit-large-patch16-224,pneumoniamnist,"[(3, 5)]",linear,0.8028846153846154,0.0426715607554306,1,2,3,identity,0.8547008547008547,0.0209153546479186
google/vit-large-patch16-224,dermamnist,"[(3, 5)]",linear,0.7155444721529509,0.0022490023704852,1,2,3,identity,0.7527847049044056,0.0066417238089569
google/vit-large-patch16-224,cifar100,"[(3, 5)]",linear,0.4769333333333334,0.0134515178821326,1,2,3,identity,0.7771666666666667,0.0035104605585782
google/vit-large-patch16-224,imagenet-1k,"[(3, 5)]",linear,0.2539333333333333,0.0031214312956292,1,2,3,identity,0.7375333333333334,0.0025579940057266
microsoft/rad-dino,pneumoniamnist,"[(3, 5)]",linear,0.8814102564102564,0.002775722448027,1,2,3,identity,0.8969017094017094,0.0033360032042726
microsoft/rad-dino,dermamnist,"[(3, 5)]",linear,0.7034081463009144,0.0103943468211741,1,2,3,identity,0.711055694098088,0.0089960094819409
microsoft/rad-dino,cifar100,"[(3, 5)]",linear,0.2972333333333333,0.0050934598588124,1,2,3,identity,0.3020666666666666,0.0069572504147351
microsoft/rad-dino,imagenet-1k,"[(3, 5)]",linear,0.0791333333333333,0.0023501772982763,1,2,3,identity,0.081,0.0002999999999999
facebook/deit-base-patch16-224,pneumoniamnist,"[(4, 6)]",linear,0.8274572649572649,0.018984354320424,1,2,4,identity,0.8103632478632479,0.014363600063834
facebook/deit-base-patch16-224,dermamnist,"[(4, 6)]",linear,0.744970906068163,0.00673470626784,1,2,4,identity,0.7231920199501247,0.0077427305218254
facebook/deit-base-patch16-224,imagenet-1k,"[(4, 6)]",linear,0.7249,0.0025942243542145,1,2,4,identity,0.7026666666666667,0.0007094598884597
facebook/deit-base-patch16-224,cifar100,"[(4, 6)]",linear,0.6741,0.0023895606290697,1,2,4,identity,0.6381333333333333,0.0048521472909767
facebook/deit-small-patch16-224,pneumoniamnist,"[(4, 6)]",linear,0.80982905982906,0.0033360032042726,1,2,4,identity,0.8130341880341879,0.0075734224779688
facebook/deit-small-patch16-224,dermamnist,"[(4, 6)]",linear,0.7251870324189525,0.0042613485014052,1,2,4,identity,0.7290108063175396,0.0032065339188671
facebook/deit-small-patch16-224,imagenet-1k,"[(4, 6)]",linear,0.6408333333333333,0.0018583146486355,1,2,4,identity,0.6232000000000001,0.0008888194417315
facebook/deit-small-patch16-224,cifar100,"[(4, 6)]",linear,0.6359333333333334,0.0015821925715074,1,2,4,identity,0.6057333333333333,0.0008962886439832
facebook/dinov2-base,pneumoniamnist,"[(4, 6)]",linear,0.8766025641025642,0.001602564102564,1,2,4,identity,0.859508547008547,0.0161321248616896
facebook/dinov2-base,cifar100,"[(4, 6)]",linear,0.8212666666666667,0.0027006172134038,1,2,4,identity,0.4050666666666666,0.0026159765544311
facebook/dinov2-base,dermamnist,"[(4, 6)]",linear,0.7361596009975062,0.0124088332215707,1,2,4,identity,0.7102244389027431,0.0311471221865256
facebook/dinov2-base,imagenet-1k,"[(4, 6)]",linear,0.7007,0.0038366652186501,1,2,4,identity,0.12854,0.0022645087767549
google/vit-base-patch16-224,pneumoniamnist,"[(4, 6)]",linear,0.8231837606837606,0.0091125652292906,1,2,4,identity,0.8274572649572649,0.00882623485142
google/vit-base-patch16-224,dermamnist,"[(4, 6)]",linear,0.7554447215295096,0.0107704500992488,1,2,4,identity,0.7519534497090606,0.0082608533657887
google/vit-base-patch16-224,cifar100,"[(4, 6)]",linear,0.7453666666666666,0.0045720163312627,1,2,4,identity,0.7098,0.0003605551275463
google/vit-base-patch16-224,imagenet-1k,"[(4, 6)]",linear,0.6111333333333334,0.0038591881702416,1,2,4,identity,0.6415333333333333,0.0015307950004273
google/vit-large-patch16-224,pneumoniamnist,"[(4, 6)]",linear,0.8536324786324787,0.0130521279090498,1,2,4,identity,0.8552350427350427,0.0160523282065349
google/vit-large-patch16-224,dermamnist,"[(4, 6)]",linear,0.7293433083956775,0.0126700308450591,1,2,4,identity,0.7486284289276807,0.0065220433070433
google/vit-large-patch16-224,cifar100,"[(4, 6)]",linear,0.5718,0.0115052162083117,1,2,4,identity,0.7785666666666667,0.0026689573494781
google/vit-large-patch16-224,imagenet-1k,"[(4, 6)]",linear,0.3089666666666666,0.004382160806421,1,2,4,identity,0.7435999999999999,0.0026229754097208
microsoft/rad-dino,pneumoniamnist,"[(4, 6)]",linear,0.8771367521367521,0.000925240816009,1,2,4,identity,0.8728632478632479,0.0184352926567707
microsoft/rad-dino,dermamnist,"[(4, 6)]",linear,0.7042394014962593,0.0076782066425639,1,2,4,identity,0.7072319201995012,0.007547504214674
microsoft/rad-dino,cifar100,"[(4, 6)]",linear,0.3001666666666667,0.0025324559884296,1,2,4,identity,0.3119666666666666,0.0053519466863313
microsoft/rad-dino,imagenet-1k,"[(4, 6)]",linear,0.0773666666666666,0.0021962088546705,1,2,4,identity,0.0787333333333333,0.0018009256878986
facebook/deit-base-patch16-224,pneumoniamnist,"[(5, 7)]",linear,0.8173076923076924,0.0157834259644168,1,2,5,identity,0.8162393162393163,0.0092524081600901
facebook/deit-base-patch16-224,dermamnist,"[(5, 7)]",linear,0.7453034081463009,0.0094937932071615,1,2,5,identity,0.7310058187863674,0.004740341622405
facebook/deit-base-patch16-224,imagenet-1k,"[(5, 7)]",linear,0.6972999999999999,0.0003605551275463,1,2,5,identity,0.7035,0.0001999999999999
facebook/deit-base-patch16-224,cifar100,"[(5, 7)]",linear,0.6783333333333333,0.0005773502691896,1,2,5,identity,0.6536333333333334,0.0033857544703261
facebook/deit-small-patch16-224,pneumoniamnist,"[(5, 7)]",linear,0.8130341880341879,0.00882623485142,1,2,5,identity,0.8167735042735043,0.006476685712063
facebook/deit-small-patch16-224,dermamnist,"[(5, 7)]",linear,0.7256857855361596,0.0056647464796012,1,2,5,identity,0.7278470490440565,0.0046342011187918
facebook/deit-small-patch16-224,cifar100,"[(5, 7)]",linear,0.6627,0.0043714985988788,1,2,5,identity,0.6467666666666667,0.0002516611478424
facebook/deit-small-patch16-224,imagenet-1k,"[(5, 7)]",linear,0.6255333333333333,0.0007505553499464,1,2,5,identity,0.6314333333333333,0.0019218047073865
facebook/dinov2-base,pneumoniamnist,"[(5, 7)]",linear,0.8712606837606837,0.0101776489760991,1,2,5,identity,0.859508547008547,0.0408680031002888
facebook/dinov2-base,cifar100,"[(5, 7)]",linear,0.8060333333333333,0.0018770544300401,1,2,5,identity,0.4306333333333333,0.0064825406541982
facebook/dinov2-base,dermamnist,"[(5, 7)]",linear,0.7363258520365753,0.0197265107181329,1,2,5,identity,0.7188694929343309,0.0139680557348595
facebook/dinov2-base,imagenet-1k,"[(5, 7)]",linear,0.6397,0.0038085430285084,1,2,5,identity,0.1571,0.0045049972253043
google/vit-base-patch16-224,pneumoniamnist,"[(5, 7)]",linear,0.8338675213675213,0.01765246970284,1,2,5,identity,0.8461538461538461,0.0251862718677912
google/vit-base-patch16-224,cifar100,"[(5, 7)]",linear,0.7874333333333334,0.0014011899704655,1,2,5,identity,0.7403333333333334,0.0018583146486354
google/vit-base-patch16-224,dermamnist,"[(5, 7)]",linear,0.7566084788029924,0.0039900249376558,1,2,5,identity,0.7497921862011637,0.0061557800769987
google/vit-base-patch16-224,imagenet-1k,"[(5, 7)]",linear,0.6731333333333334,0.0013650396819628,1,2,5,identity,0.6516666666666667,0.0023965252624024
google/vit-large-patch16-224,pneumoniamnist,"[(5, 7)]",linear,0.7745726495726496,0.0791662341245666,1,2,5,identity,0.8504273504273504,0.0193859479825042
google/vit-large-patch16-224,dermamnist,"[(5, 7)]",linear,0.7047381546134663,0.0103062236008836,1,2,5,identity,0.7511221945137158,0.007193119751549
google/vit-large-patch16-224,cifar100,"[(5, 7)]",linear,0.4259666666666666,0.0014224392195567,1,2,5,identity,0.7975,0.0034770677301427
google/vit-large-patch16-224,imagenet-1k,"[(5, 7)]",linear,0.0773333333333333,0.0035641735835019,1,2,5,identity,0.7511333333333333,0.0012662279942148
microsoft/rad-dino,pneumoniamnist,"[(5, 7)]",linear,0.8760683760683761,0.007401926528072,1,2,5,identity,0.8856837606837606,0.0112560403342443
microsoft/rad-dino,dermamnist,"[(5, 7)]",linear,0.6997506234413965,0.0108700721784056,1,2,5,identity,0.7110556940980882,0.002076474812435
microsoft/rad-dino,cifar100,"[(5, 7)]",linear,0.2968333333333333,0.0041186567389542,1,2,5,identity,0.3202333333333333,0.0086071675557835
microsoft/rad-dino,imagenet-1k,"[(5, 7)]",linear,0.0785333333333333,0.0017214335111567,1,2,5,identity,0.0833333333333333,0.001497776129244
facebook/deit-base-patch16-224,pneumoniamnist,"[(6, 8)]",linear,0.8290598290598291,0.0051515228424108,1,2,6,identity,0.8504273504273504,0.0082237202555238
facebook/deit-base-patch16-224,dermamnist,"[(6, 8)]",linear,0.7436408977556109,0.0100123989525609,1,2,6,identity,0.7356608478802992,0.0074479723307072
facebook/deit-base-patch16-224,cifar100,"[(6, 8)]",linear,0.6875333333333332,0.00130511813003,1,2,6,identity,0.6803666666666667,0.0037447741364911
facebook/deit-base-patch16-224,imagenet-1k,"[(6, 8)]",linear,0.6503,0.0014730919862656,1,2,6,identity,0.6867000000000001,0.0031575306807693
facebook/deit-small-patch16-224,pneumoniamnist,"[(6, 8)]",linear,0.8060897435897436,0.005551444896054,1,2,6,identity,0.797008547008547,0.0091125652292906
facebook/deit-small-patch16-224,dermamnist,"[(6, 8)]",linear,0.7206982543640897,0.0021740144356811,1,2,6,identity,0.7256857855361596,0.000498753117207
facebook/deit-small-patch16-224,cifar100,"[(6, 8)]",linear,0.6881333333333334,0.0043154760262725,1,2,6,identity,0.6844,0.0028618176042507
facebook/deit-small-patch16-224,imagenet-1k,"[(6, 8)]",linear,0.6048999999999999,0.0020420577856662,1,2,6,identity,0.6201,0.001682260384126
facebook/dinov2-base,pneumoniamnist,"[(6, 8)]",linear,0.8611111111111112,0.0128538562131581,1,2,6,identity,0.8920940170940171,0.0231864683912507
facebook/dinov2-base,dermamnist,"[(6, 8)]",linear,0.7260182876142975,0.0037764976530675,1,2,6,identity,0.7406483790523691,0.0106153599270787
facebook/dinov2-base,cifar100,"[(6, 8)]",linear,0.6122,0.0090421236443658,1,2,6,identity,0.6176666666666667,0.0073002283069321
facebook/dinov2-base,imagenet-1k,"[(6, 8)]",linear,0.31182,0.0040855844135203,1,2,6,identity,0.26734,0.006122336155423
google/vit-base-patch16-224,pneumoniamnist,"[(6, 8)]",linear,0.8263888888888888,0.0290826016855046,1,2,6,identity,0.8536324786324787,0.0148903417358615
google/vit-base-patch16-224,cifar100,"[(6, 8)]",linear,0.7811666666666667,0.0034990474894367,1,2,6,identity,0.7402666666666667,0.0029670411748631
google/vit-base-patch16-224,dermamnist,"[(6, 8)]",linear,0.7567747298420615,0.0132365481625024,1,2,6,identity,0.7501246882793017,0.0103062236008837
google/vit-base-patch16-224,imagenet-1k,"[(6, 8)]",linear,0.6486999999999999,0.0022068076490714,1,2,6,identity,0.6166333333333334,0.0044105933085394
google/vit-large-patch16-224,cifar100,"[(6, 8)]",linear,0.8527333333333335,0.0025716402029314,1,2,6,identity,0.8190333333333334,0.0013203534880225
google/vit-large-patch16-224,pneumoniamnist,"[(6, 8)]",linear,0.8392094017094017,0.0229078863700764,1,2,6,identity,0.827991452991453,0.0191191561625783
google/vit-large-patch16-224,imagenet-1k,"[(6, 8)]",linear,0.7710666666666667,0.0012662279942148,1,2,6,identity,0.7504333333333334,0.0027934447074057
google/vit-large-patch16-224,dermamnist,"[(6, 8)]",linear,0.7566084788029924,0.0052071354159154,1,2,6,identity,0.7506234413965087,0.0061287809114436
microsoft/rad-dino,pneumoniamnist,"[(6, 8)]",linear,0.8659188034188036,0.001850481632018,1,2,6,identity,0.8648504273504273,0.0121344195423083
microsoft/rad-dino,dermamnist,"[(6, 8)]",linear,0.7012468827930175,0.0072448075044059,1,2,6,identity,0.6967581047381546,0.0080266717902398
microsoft/rad-dino,cifar100,"[(6, 8)]",linear,0.2917333333333333,0.0087305975358696,1,2,6,identity,0.3012333333333333,0.0076008771423654
microsoft/rad-dino,imagenet-1k,"[(6, 8)]",linear,0.0785666666666666,0.0033381631675718,1,2,6,identity,0.0830666666666666,0.0014011899704655
facebook/deit-base-patch16-224,pneumoniamnist,"[(7, 9)]",linear,0.8376068376068376,0.0148903417358614,1,2,7,identity,0.844551282051282,0.0139708299472456
facebook/deit-base-patch16-224,dermamnist,"[(7, 9)]",linear,0.7424771404821281,0.006641723808957,1,2,7,identity,0.7436408977556109,0.0095156030066528
facebook/deit-base-patch16-224,cifar100,"[(7, 9)]",linear,0.7019000000000001,0.0031749015732775,1,2,7,identity,0.7054333333333332,0.0031895663237082
facebook/deit-base-patch16-224,imagenet-1k,"[(7, 9)]",linear,0.5544333333333333,0.0020550750189064,1,2,7,identity,0.6619333333333334,0.0015044378795195
facebook/deit-small-patch16-224,pneumoniamnist,"[(7, 9)]",linear,0.7927350427350427,0.0113695494945474,1,2,7,identity,0.7991452991452991,0.0134398991724457
facebook/deit-small-patch16-224,dermamnist,"[(7, 9)]",linear,0.7201995012468828,0.0017277314788717,1,2,7,identity,0.7281795511221945,0.0034912718204488
facebook/deit-small-patch16-224,cifar100,"[(7, 9)]",linear,0.6969666666666666,0.0028041635710731,1,2,7,identity,0.7107666666666667,0.0021962088546705
facebook/deit-small-patch16-224,imagenet-1k,"[(7, 9)]",linear,0.6045666666666667,0.0015947831618541,1,2,7,identity,0.6481666666666667,0.0005507570547286
facebook/dinov2-base,pneumoniamnist,"[(7, 9)]",linear,0.8926282051282052,0.0416666666666666,1,2,7,identity,0.8648504273504273,0.024895684183186
facebook/dinov2-base,cifar100,"[(7, 9)]",linear,0.7778333333333333,0.0004725815626253,1,2,7,identity,0.6764333333333333,0.0023158871590242
facebook/dinov2-base,dermamnist,"[(7, 9)]",linear,0.7311720698254364,0.0103783800731595,1,2,7,identity,0.742975893599335,0.0219810029593684
facebook/dinov2-base,imagenet-1k,"[(7, 9)]",linear,0.51774,0.0017067512999848,1,2,7,identity,0.35354,0.0101135058214251
google/vit-base-patch16-224,pneumoniamnist,"[(7, 9)]",linear,0.8205128205128206,0.0120990936462672,1,2,7,identity,0.8365384615384616,0.0315668519288336
google/vit-base-patch16-224,cifar100,"[(7, 9)]",linear,0.7806333333333333,0.0011503622617825,1,2,7,identity,0.7526,0.0024248711305964
google/vit-base-patch16-224,dermamnist,"[(7, 9)]",linear,0.7584372402327514,0.0044980047409704,1,2,7,identity,0.7562759767248545,0.0060333324394427
google/vit-base-patch16-224,imagenet-1k,"[(7, 9)]",linear,0.6126666666666667,0.0012662279942148,1,2,7,identity,0.5578666666666666,0.0030038863715748
google/vit-large-patch16-224,cifar100,"[(7, 9)]",linear,0.8577,0.0007,1,2,7,identity,0.8253666666666666,0.0022941955743426
google/vit-large-patch16-224,pneumoniamnist,"[(7, 9)]",linear,0.8274572649572649,0.0254567362338543,1,2,7,identity,0.8311965811965812,0.0191191561625783
google/vit-large-patch16-224,dermamnist,"[(7, 9)]",linear,0.7672485453034081,0.0095850608847212,1,2,7,identity,0.7607647547797174,0.0029224265721108
google/vit-large-patch16-224,imagenet-1k,"[(7, 9)]",linear,0.7658999999999999,0.0031796226191169,1,2,7,identity,0.7503000000000001,0.0002645751311065
microsoft/rad-dino,pneumoniamnist,"[(7, 9)]",linear,0.8685897435897436,0.0064102564102563,1,2,7,identity,0.8744658119658121,0.0106703976257682
microsoft/rad-dino,dermamnist,"[(7, 9)]",linear,0.7009143807148795,0.0094806832448101,1,2,7,identity,0.7002493765586034,0.0013195767137479
microsoft/rad-dino,cifar100,"[(7, 9)]",linear,0.2871333333333333,0.0057422411420396,1,2,7,identity,0.3149333333333333,0.0030730007050655
microsoft/rad-dino,imagenet-1k,"[(7, 9)]",linear,0.0775,0.0016522711641858,1,2,7,identity,0.0862,0.0017435595774162
facebook/deit-base-patch16-224,pneumoniamnist,"[(8, 10)]",linear,0.8210470085470085,0.018574079755036,1,2,8,identity,0.8231837606837606,0.0166800160213632
facebook/deit-base-patch16-224,dermamnist,"[(8, 10)]",linear,0.7404821280133,0.0047925304423606,1,2,8,identity,0.7487946799667498,0.0027469179786963
facebook/deit-base-patch16-224,cifar100,"[(8, 10)]",linear,0.7141333333333333,0.0028919428302326,1,2,8,identity,0.7326,0.0003605551275464
facebook/deit-base-patch16-224,imagenet-1k,"[(8, 10)]",linear,0.5408666666666667,0.0037072002014098,1,2,8,identity,0.6246333333333334,0.0021007935008784
facebook/deit-small-patch16-224,pneumoniamnist,"[(8, 10)]",linear,0.798076923076923,0.0146877426120379,1,2,8,identity,0.7948717948717948,0.0144230769230769
facebook/deit-small-patch16-224,dermamnist,"[(8, 10)]",linear,0.7230257689110556,0.0061557800769987,1,2,8,identity,0.7238570241064006,0.0020156867253503
facebook/deit-small-patch16-224,cifar100,"[(8, 10)]",linear,0.7129333333333333,0.0032036437588055,1,2,8,identity,0.7228,0.0029461839725312
facebook/deit-small-patch16-224,imagenet-1k,"[(8, 10)]",linear,0.6633333333333333,0.0009073771725877,1,2,8,identity,0.6745666666666666,0.0016653327995728
facebook/dinov2-base,pneumoniamnist,"[(8, 10)]",linear,0.8552350427350427,0.0120281306081172,1,2,8,identity,0.8669871794871794,0.0200160192256359
facebook/dinov2-base,cifar100,"[(8, 10)]",linear,0.7911999999999999,0.0084071398227934,1,2,8,identity,0.7391666666666667,0.0040991869112463
facebook/dinov2-base,dermamnist,"[(8, 10)]",linear,0.742643391521197,0.0310311027038449,1,2,8,identity,0.7356608478802992,0.0310311027038449
facebook/dinov2-base,imagenet-1k,"[(8, 10)]",linear,0.58296,0.0015805062480104,1,2,8,identity,0.47668,0.0038114301777679
google/vit-base-patch16-224,pneumoniamnist,"[(8, 10)]",linear,0.8338675213675213,0.0177250641271763,1,2,8,identity,0.8504273504273504,0.0231864683912508
google/vit-base-patch16-224,cifar100,"[(8, 10)]",linear,0.7986333333333334,0.0024214320831552,1,2,8,identity,0.7975,0.0013228756555322
google/vit-base-patch16-224,dermamnist,"[(8, 10)]",linear,0.7591022443890273,0.0052783068549917,1,2,8,identity,0.7665835411471322,0.0013195767137479
google/vit-base-patch16-224,imagenet-1k,"[(8, 10)]",linear,0.5705,0.0017320508075688,1,2,8,identity,0.6237666666666667,0.0038527046776691
google/vit-large-patch16-224,cifar100,"[(8, 10)]",linear,0.8574333333333334,0.0015044378795195,1,2,8,identity,0.8231999999999999,0.0032186953878862
google/vit-large-patch16-224,pneumoniamnist,"[(8, 10)]",linear,0.8344017094017094,0.0244795710200632,1,2,8,identity,0.8210470085470085,0.0256577135865872
google/vit-large-patch16-224,dermamnist,"[(8, 10)]",linear,0.7685785536159601,0.0040824702104102,1,2,8,identity,0.7619285120532003,0.0010382374062175
google/vit-large-patch16-224,imagenet-1k,"[(8, 10)]",linear,0.7629333333333334,0.0012858201014657,1,2,8,identity,0.7580666666666667,0.0025106440076867
microsoft/rad-dino,pneumoniamnist,"[(8, 10)]",linear,0.8851495726495727,0.0080660624308448,1,2,8,identity,0.87232905982906,0.0040330312154223
microsoft/rad-dino,dermamnist,"[(8, 10)]",linear,0.7020781379883624,0.0077320139346523,1,2,8,identity,0.7034081463009144,0.0122609436857804
microsoft/rad-dino,cifar100,"[(8, 10)]",linear,0.2828333333333333,0.0078831042954747,1,2,8,identity,0.3102,0.0040951190458886
microsoft/rad-dino,imagenet-1k,"[(8, 10)]",linear,0.0785333333333333,0.0020502032419575,1,2,8,identity,0.0824333333333333,0.0018717193521821
facebook/deit-base-patch16-224,pneumoniamnist,"[(9, 11)]",linear,0.8002136752136751,0.0209153546479187,1,2,9,identity,0.8130341880341879,0.0130521279090497
facebook/deit-base-patch16-224,dermamnist,"[(9, 11)]",linear,0.7353283458021612,0.0054938359573926,1,2,9,identity,0.7456359102244389,0.0035965598757745
facebook/deit-base-patch16-224,cifar100,"[(9, 11)]",linear,0.7352666666666666,0.004535783651513,1,2,9,identity,0.7454333333333333,0.0006658328118479
facebook/deit-base-patch16-224,imagenet-1k,"[(9, 11)]",linear,0.5933666666666667,0.0008082903768654,1,2,9,identity,0.6126,0.0027184554438136
facebook/deit-small-patch16-224,pneumoniamnist,"[(9, 11)]",linear,0.7686965811965812,0.0145413008427523,1,2,9,identity,0.7745726495726496,0.0187118374873258
facebook/deit-small-patch16-224,cifar100,"[(9, 11)]",linear,0.7210666666666666,0.0032883633213702,1,2,9,identity,0.7249666666666666,0.0013012814197295
facebook/deit-small-patch16-224,dermamnist,"[(9, 11)]",linear,0.7155444721529509,0.0037434182042219,1,2,9,identity,0.7255195344970905,0.0043000888300507
facebook/deit-small-patch16-224,imagenet-1k,"[(9, 11)]",linear,0.6984333333333334,0.0024214320831552,1,2,9,identity,0.6971666666666666,0.0011718930554164
facebook/dinov2-base,pneumoniamnist,"[(9, 11)]",linear,0.8717948717948718,0.0180599802397189,1,2,9,identity,0.8541666666666666,0.0032051282051281
facebook/dinov2-base,dermamnist,"[(9, 11)]",linear,0.7339983374896093,0.0179158154993158,1,2,9,identity,0.7544472152950955,0.0109989858068316
facebook/dinov2-base,cifar100,"[(9, 11)]",linear,0.7205666666666667,0.0091128114944473,1,2,9,identity,0.7311,0.0117910983373051
facebook/dinov2-base,imagenet-1k,"[(9, 11)]",linear,0.4608,0.0062621881159863,1,2,9,identity,0.46618,0.0045262567315608
google/vit-base-patch16-224,pneumoniamnist,"[(9, 11)]",linear,0.8376068376068376,0.0169851635636588,1,2,9,identity,0.8301282051282052,0.0241981872925344
google/vit-base-patch16-224,cifar100,"[(9, 11)]",linear,0.7724000000000001,0.0019313207915827,1,2,9,identity,0.7935666666666666,0.0029484459183327
google/vit-base-patch16-224,dermamnist,"[(9, 11)]",linear,0.7660847880299251,0.0013195767137478,1,2,9,identity,0.7632585203657523,0.0033208619044785
google/vit-base-patch16-224,imagenet-1k,"[(9, 11)]",linear,0.5064000000000001,0.0010148891565092,1,2,9,identity,0.5552,0.0
google/vit-large-patch16-224,cifar100,"[(9, 11)]",linear,0.8516666666666667,0.0003055050463303,1,2,9,identity,0.8245,0.0048218253804964
google/vit-large-patch16-224,pneumoniamnist,"[(9, 11)]",linear,0.8344017094017094,0.0307981523619649,1,2,9,identity,0.8221153846153846,0.0312808033588832
google/vit-large-patch16-224,dermamnist,"[(9, 11)]",linear,0.7642560266001662,0.0054938359573926,1,2,9,identity,0.7614297589359934,0.0042418456599079
google/vit-large-patch16-224,imagenet-1k,"[(9, 11)]",linear,0.7571333333333333,0.0037220066272554,1,2,9,identity,0.7531666666666667,0.0034078341117685
microsoft/rad-dino,pneumoniamnist,"[(9, 11)]",linear,0.8782051282051282,0.008922699299407,1,2,9,identity,0.8803418803418803,0.006476685712063
microsoft/rad-dino,dermamnist,"[(9, 11)]",linear,0.7029093931837074,0.0081088933654246,1,2,9,identity,0.6947630922693268,0.0165342488321703
microsoft/rad-dino,cifar100,"[(9, 11)]",linear,0.2882666666666666,0.0036555893277737,1,2,9,identity,0.3044,0.013672234638127
microsoft/rad-dino,imagenet-1k,"[(9, 11)]",linear,0.0792666666666666,0.0017473789896108,1,2,9,identity,0.0870666666666666,0.0009291573243177
google/vit-large-patch16-224,cifar100,"[(10, 12)]",linear,0.8505333333333334,0.0022007574453658,1,2,10,identity,0.8337,0.0021656407827707
google/vit-large-patch16-224,pneumoniamnist,"[(10, 12)]",linear,0.843482905982906,0.0280028684232503,1,2,10,identity,0.8413461538461539,0.0262351050380527
google/vit-large-patch16-224,dermamnist,"[(10, 12)]",linear,0.7635910224438902,0.0043193286971792,1,2,10,identity,0.7584372402327514,0.005672060551698
google/vit-large-patch16-224,imagenet-1k,"[(10, 12)]",linear,0.7585333333333333,0.0007094598884597,1,2,10,identity,0.7550666666666667,0.0021221058723195
google/vit-large-patch16-224,cifar100,"[(11, 13)]",linear,0.8455666666666666,0.0020108041509141,1,2,11,identity,0.8342666666666667,0.0027024680078279
google/vit-large-patch16-224,pneumoniamnist,"[(11, 13)]",linear,0.8338675213675213,0.0187803374265458,1,2,11,identity,0.8466880341880342,0.0160523282065348
google/vit-large-patch16-224,imagenet-1k,"[(11, 13)]",linear,0.7622666666666666,0.0012055427546683,1,2,11,identity,0.7514666666666666,0.004508140784551
google/vit-large-patch16-224,dermamnist,"[(11, 13)]",linear,0.7581047381546134,0.0080266717902399,1,2,11,identity,0.7579384871155445,0.0025594022141879
google/vit-large-patch16-224,cifar100,"[(12, 14)]",linear,0.8517666666666667,0.0015821925715074,1,2,12,identity,0.8419666666666666,0.0021548395145192
google/vit-large-patch16-224,pneumoniamnist,"[(12, 14)]",linear,0.8370726495726496,0.0172849248796618,1,2,12,identity,0.8392094017094017,0.0240028225840394
google/vit-large-patch16-224,imagenet-1k,"[(12, 14)]",linear,0.7656333333333333,0.0031374086972107,1,2,12,identity,0.7595999999999999,0.001044030650891
google/vit-large-patch16-224,dermamnist,"[(12, 14)]",linear,0.7562759767248545,0.0059503009702986,1,2,12,identity,0.7499584372402328,0.0036763664817117
google/vit-large-patch16-224,cifar100,"[(13, 15)]",linear,0.8492999999999999,0.001682260384126,1,2,13,identity,0.8445999999999999,0.0041940433951021
google/vit-large-patch16-224,pneumoniamnist,"[(13, 15)]",linear,0.8317307692307692,0.0196926373837251,1,2,13,identity,0.8370726495726496,0.0226825574204723
google/vit-large-patch16-224,imagenet-1k,"[(13, 15)]",linear,0.7687333333333334,0.0031879983270593,1,2,13,identity,0.7661666666666666,0.0028095076674274
google/vit-large-patch16-224,dermamnist,"[(13, 15)]",linear,0.7576059850374065,0.0060470601760508,1,2,13,identity,0.7554447215295096,0.0053330057962911
google/vit-large-patch16-224,cifar100,"[(14, 16)]",linear,0.8523666666666667,0.00428991064398,1,2,14,identity,0.8481666666666667,0.0048747649515984
google/vit-large-patch16-224,pneumoniamnist,"[(14, 16)]",linear,0.8317307692307692,0.0315668519288336,1,2,14,identity,0.826923076923077,0.0266719823350853
google/vit-large-patch16-224,imagenet-1k,"[(14, 16)]",linear,0.7722333333333333,0.0006429100507328,1,2,14,identity,0.7663666666666668,0.0017925772879664
google/vit-large-patch16-224,dermamnist,"[(14, 16)]",linear,0.7635910224438902,0.007193119751549,1,2,14,identity,0.7592684954280964,0.0083655831257916
google/vit-large-patch16-224,cifar100,"[(15, 17)]",linear,0.8542333333333333,0.001501110699893,1,2,15,identity,0.8527666666666667,0.0016623276853055
google/vit-large-patch16-224,pneumoniamnist,"[(15, 17)]",linear,0.8301282051282052,0.0242511954333678,1,2,15,identity,0.8333333333333334,0.0242511954333678
google/vit-large-patch16-224,imagenet-1k,"[(15, 17)]",linear,0.7670333333333333,0.0017214335111567,1,2,15,identity,0.7660666666666667,0.001594783161854
google/vit-large-patch16-224,dermamnist,"[(15, 17)]",linear,0.7594347464671655,0.0069884786556886,1,2,15,identity,0.7554447215295096,0.0063546184051924
google/vit-large-patch16-224,cifar100,"[(16, 18)]",linear,0.8591666666666667,0.0027428695436227,1,2,16,identity,0.8590666666666666,0.001446835627614
google/vit-large-patch16-224,pneumoniamnist,"[(16, 18)]",linear,0.8311965811965812,0.0259562619941374,1,2,16,identity,0.8258547008547009,0.0200373924503323
google/vit-large-patch16-224,imagenet-1k,"[(16, 18)]",linear,0.7645333333333334,0.0032316146634976,1,2,16,identity,0.7648666666666667,0.0027646579052991
google/vit-large-patch16-224,dermamnist,"[(16, 18)]",linear,0.7552784704904406,0.0107473292494723,1,2,16,identity,0.7512884455527846,0.0070593096410846
google/vit-large-patch16-224,cifar100,"[(17, 19)]",linear,0.8533,0.000916515138991,1,2,17,identity,0.8555333333333334,0.0022898325994127
google/vit-large-patch16-224,pneumoniamnist,"[(17, 19)]",linear,0.826388888888889,0.0204182851000175,1,2,17,identity,0.829594017094017,0.0195836568160505
google/vit-large-patch16-224,dermamnist,"[(17, 19)]",linear,0.7576059850374065,0.0090740176551921,1,2,17,identity,0.7612635078969244,0.0065853041796636
google/vit-large-patch16-224,imagenet-1k,"[(17, 19)]",linear,0.7461000000000001,0.0005291502622129,1,2,17,identity,0.7572,0.0001732050807568
google/vit-large-patch16-224,cifar100,"[(18, 20)]",linear,0.8488333333333333,0.0029838453936712,1,2,18,identity,0.8512,0.0023579652245103
google/vit-large-patch16-224,pneumoniamnist,"[(18, 20)]",linear,0.8274572649572649,0.0257576142120538,1,2,18,identity,0.8509615384615384,0.0211999303771201
google/vit-large-patch16-224,dermamnist,"[(18, 20)]",linear,0.7640897755610973,0.0064837905236907,1,2,18,identity,0.7649210307564421,0.0077320139346523
google/vit-large-patch16-224,imagenet-1k,"[(18, 20)]",linear,0.7333666666666666,0.0026727015047201,1,2,18,identity,0.7462,0.0037363083384539
google/vit-large-patch16-224,cifar100,"[(19, 21)]",linear,0.8614666666666667,0.0036473734842121,1,2,19,identity,0.8606666666666666,0.0028536526301099
google/vit-large-patch16-224,pneumoniamnist,"[(19, 21)]",linear,0.8333333333333334,0.0349270748681143,1,2,19,identity,0.8450854700854701,0.012853856213158
google/vit-large-patch16-224,dermamnist,"[(19, 21)]",linear,0.7644222776392352,0.0037434182042219,1,2,19,identity,0.7642560266001662,0.0088707042872513
google/vit-large-patch16-224,imagenet-1k,"[(19, 21)]",linear,0.7453,0.0052678268764263,1,2,19,identity,0.7480333333333333,0.0010016652800877
google/vit-large-patch16-224,cifar100,"[(20, 22)]",linear,0.8612666666666667,0.0026312227829154,1,2,20,identity,0.8645999999999999,0.0010816653826392
google/vit-large-patch16-224,pneumoniamnist,"[(20, 22)]",linear,0.8360042735042734,0.0263490650750823,1,2,20,identity,0.8386752136752137,0.0274938231462772
google/vit-large-patch16-224,dermamnist,"[(20, 22)]",linear,0.7581047381546134,0.0095156030066528,1,2,20,identity,0.7602660016625103,0.0093618674814969
google/vit-large-patch16-224,imagenet-1k,"[(20, 22)]",linear,0.7486333333333333,0.0032331615074618,1,2,20,identity,0.7543666666666667,0.0024583192089989
google/vit-large-patch16-224,cifar100,"[(21, 23)]",linear,0.8659666666666667,0.0016563010998406,1,2,21,identity,0.8677999999999999,0.0006557438524302
google/vit-large-patch16-224,pneumoniamnist,"[(21, 23)]",linear,0.829594017094017,0.0297806834717229,1,2,21,identity,0.8386752136752137,0.0217579186478806
google/vit-large-patch16-224,imagenet-1k,"[(21, 23)]",linear,0.7669666666666667,0.0013796134724383,1,2,21,identity,0.7657666666666666,0.0026312227829154
google/vit-large-patch16-224,dermamnist,"[(21, 23)]",linear,0.7552784704904406,0.0070769066180524,1,2,21,identity,0.7577722360764755,0.0113331517653561
